datetime,true,pred
2017/10/20 0:00,-0.020713951,0.06628579
2017/10/20 1:00,-0.020602953,-0.27198622
2017/10/20 2:00,-0.020796103,-0.20074472
2017/10/20 3:00,-0.020833448,-0.60213244
2017/10/20 4:00,-0.020929836,0.08338559
2017/10/20 5:00,-0.020955106,-0.022868862
2017/10/20 6:00,0.37568936,0.33223018
2017/10/20 7:00,4.095335,3.4608223
2017/10/20 8:00,9.626997,9.006254
2017/10/20 9:00,14.268197,13.5011
2017/10/20 10:00,17.437979,17.275034
2017/10/20 11:00,19.400583,18.681915
2017/10/20 12:00,20.016624,18.361435
2017/10/20 13:00,19.319904,18.482218
2017/10/20 14:00,17.555317,16.445015
2017/10/20 15:00,14.411037,13.353031
2017/10/20 16:00,9.247851,8.643005
2017/10/20 17:00,4.243454,3.6694067
2017/10/20 18:00,0.59579724,0.9839123
2017/10/20 19:00,-0.021247957,-0.06346923
2017/10/20 20:00,-0.021188913,-0.124573424
2017/10/20 21:00,-0.021077774,-0.018797243
2017/10/20 22:00,-0.021042585,-0.07817015
2017/10/20 23:00,-0.021000994,-0.0628776
2017/10/21 0:00,-0.02106703,-0.062197547
2017/10/21 1:00,-0.020896083,-0.22280794
2017/10/21 2:00,-0.021165067,-0.31105584
2017/10/21 3:00,-0.021281706,-0.5476756
2017/10/21 4:00,-0.02134739,-0.07501151
2017/10/21 5:00,-0.021308629,-0.16205126
2017/10/21 6:00,0.40398735,0.40178153
2017/10/21 7:00,4.3619876,3.9064288
2017/10/21 8:00,10.112763,10.417529
2017/10/21 9:00,14.867473,14.597769
2017/10/21 10:00,18.189949,17.80023
2017/10/21 11:00,20.021065,19.973333
2017/10/21 12:00,20.650278,20.001158
2017/10/21 13:00,20.011238,19.57138
2017/10/21 14:00,18.122833,17.482449
2017/10/21 15:00,15.150607,14.245044
2017/10/21 16:00,9.845887,9.717345
2017/10/21 17:00,4.60236,4.3512692
2017/10/21 18:00,0.6323597,0.8168252
2017/10/21 19:00,-0.021462142,-0.23690853
2017/10/21 20:00,-0.021493584,-0.21057938
2017/10/21 21:00,-0.021474052,-0.18588437
2017/10/21 22:00,-0.02136353,-0.26157862
2017/10/21 23:00,-0.021379448,-0.03910303
2017/10/22 0:00,-0.021373345,-0.15287423
2017/10/22 1:00,-0.021309623,-0.38991252
2017/10/22 2:00,-0.02160071,-0.277616
2017/10/22 3:00,-0.021697737,-0.36004484
2017/10/22 4:00,-0.02166314,-0.100945815
2017/10/22 5:00,-0.021664435,-0.032464385
2017/10/22 6:00,0.44267187,0.6183926
2017/10/22 7:00,4.614406,4.2008734
2017/10/22 8:00,10.412321,10.510147
2017/10/22 9:00,15.074679,15.096391
2017/10/22 10:00,18.317722,18.003544
2017/10/22 11:00,20.188974,20.341297
2017/10/22 12:00,20.662712,20.68287
2017/10/22 13:00,20.011482,19.773336
2017/10/22 14:00,17.898777,17.905987
2017/10/22 15:00,13.459433,14.3805895
2017/10/22 16:00,8.520057,8.751702
2017/10/22 17:00,3.2214482,3.8612897
2017/10/22 18:00,0.8476319,0.2298705
2017/10/22 19:00,-0.021380804,-0.23731208
2017/10/22 20:00,-0.02132428,-0.10948388
2017/10/22 21:00,-0.021286897,0.053946372
2017/10/22 22:00,-0.021205397,-0.33123833
2017/10/22 23:00,-0.021264926,0.016579393
2017/10/23 0:00,-0.021030348,-0.16024774
2017/10/23 1:00,-0.020790057,-0.062643446
2017/10/23 2:00,-0.02106281,-0.040323645
2017/10/23 3:00,-0.021164699,-0.020265717
2017/10/23 4:00,-0.021237029,0.043329526
2017/10/23 5:00,-0.021245986,0.019353174
2017/10/23 6:00,0.4451426,0.43943623
2017/10/23 7:00,4.477331,4.519669
2017/10/23 8:00,10.084349,10.228388
2017/10/23 9:00,14.553376,14.438987
2017/10/23 10:00,17.53041,17.303627
2017/10/23 11:00,19.143414,19.531166
2017/10/23 12:00,19.36511,20.133015
2017/10/23 13:00,17.759396,18.582838
2017/10/23 14:00,14.0131035,16.124952
2017/10/23 15:00,8.33119,11.816251
2017/10/23 16:00,8.223766,6.2640414
2017/10/23 17:00,4.358909,3.5523074
2017/10/23 18:00,0.4886965,0.55452394
2017/10/23 19:00,-0.021026354,-0.05492119
2017/10/23 20:00,-0.021081395,-0.31414974
2017/10/23 21:00,-0.020974355,-0.17923452
2017/10/23 22:00,-0.020843385,-0.3398947
2017/10/23 23:00,-0.02065275,-0.16100751
2017/10/24 0:00,-0.02061884,-0.20651649
2017/10/24 1:00,-0.020481318,-0.14022468
2017/10/24 2:00,-0.020723114,-0.39892513
2017/10/24 3:00,-0.020767845,-0.29605475
2017/10/24 4:00,-0.020905562,-0.048182905
2017/10/24 5:00,-0.020838685,-0.23461427
2017/10/24 6:00,0.40322345,0.44634515
2017/10/24 7:00,2.698832,4.164243
2017/10/24 8:00,5.239218,8.038706
2017/10/24 9:00,13.942644,10.600087
2017/10/24 10:00,16.96453,16.78431
2017/10/24 11:00,18.849173,17.986246
2017/10/24 12:00,19.611063,19.242516
2017/10/24 13:00,19.201931,18.881184
2017/10/24 14:00,17.5345,16.320385
2017/10/24 15:00,13.090463,12.9426365
2017/10/24 16:00,8.122261,8.102082
2017/10/24 17:00,3.3849401,3.3567576
2017/10/24 18:00,0.616998,0.3996878
2017/10/24 19:00,-0.02071048,-0.3090543
2017/10/24 20:00,-0.02071224,-0.34393522
2017/10/24 21:00,-0.02062983,0.119619146
2017/10/24 22:00,-0.020546619,-0.2579342
2017/10/24 23:00,-0.020455824,0.052878957
2017/10/25 0:00,-0.020351054,-0.0602894
2017/10/25 1:00,-0.020079656,-0.47909206
2017/10/25 2:00,-0.02033008,-0.26633403
2017/10/25 3:00,-0.020445252,-0.23359169
2017/10/25 4:00,-0.020571943,0.010831296
2017/10/25 5:00,-0.02059719,-0.033812042
2017/10/25 6:00,0.26743528,0.28657112
2017/10/25 7:00,4.0289574,4.196193
2017/10/25 8:00,9.611331,9.333628
2017/10/25 9:00,14.001129,14.183555
2017/10/25 10:00,17.054222,16.723495
2017/10/25 11:00,18.616028,18.620228
2017/10/25 12:00,19.019154,18.433172
2017/10/25 13:00,18.472025,17.606033
2017/10/25 14:00,16.830105,15.747615
2017/10/25 15:00,14.173838,12.832535
2017/10/25 16:00,5.9276843,8.953864
2017/10/25 17:00,4.3803487,2.5965266
2017/10/25 18:00,0.62114054,0.321358
2017/10/25 19:00,-0.020804022,-0.16413626
2017/10/25 20:00,-0.02078447,0.110755995
2017/10/25 21:00,-0.020682607,-0.24187693
2017/10/25 22:00,-0.0205482,-0.21605471
2017/10/25 23:00,-0.020452175,-0.15159632
2017/10/26 0:00,-0.020538036,-0.2427762
2017/10/26 1:00,-0.020411843,-0.34080148
2017/10/26 2:00,-0.02069154,-0.2560759
2017/10/26 3:00,-0.020765807,-0.41609842
2017/10/26 4:00,-0.020807445,-0.23678522
2017/10/26 5:00,-0.020769343,-0.14449932
2017/10/26 6:00,0.48752263,0.5740588
2017/10/26 7:00,4.326229,3.9833162
2017/10/26 8:00,9.657951,9.537517
2017/10/26 9:00,13.951976,14.376736
2017/10/26 10:00,16.641682,17.291164
2017/10/26 11:00,18.254288,19.120222
2017/10/26 12:00,18.583107,18.646118
2017/10/26 13:00,18.580078,17.56109
2017/10/26 14:00,17.216486,15.752393
2017/10/26 15:00,11.484763,13.491845
2017/10/26 16:00,9.191272,6.998948
2017/10/26 17:00,2.993852,3.5882134
2017/10/26 18:00,0.40774214,-0.05700371
2017/10/26 19:00,-0.020793065,0.036257435
2017/10/26 20:00,-0.02081288,-0.1789854
2017/10/26 21:00,-0.020758327,-0.100046545
2017/10/26 22:00,-0.020696742,-0.20023157
2017/10/26 23:00,-0.020683901,-0.09224707
2017/10/27 0:00,-0.020664593,-0.2389051
2017/10/27 1:00,-0.02039839,-0.30197847
2017/10/27 2:00,-0.020596284,-0.4839222
2017/10/27 3:00,-0.02068847,-0.37093568
2017/10/27 4:00,-0.020743696,-0.31214195
2017/10/27 5:00,-0.020658348,-0.24880578
2017/10/27 6:00,0.29284984,0.65905714
2017/10/27 7:00,1.6785774,4.3888593
2017/10/27 8:00,9.157907,7.508846
2017/10/27 9:00,9.658239,13.921972
2017/10/27 10:00,15.565915,13.240565
2017/10/27 11:00,13.67877,17.886795
2017/10/27 12:00,15.92049,15.546862
2017/10/27 13:00,12.634043,15.83114
2017/10/27 14:00,11.143524,12.180908
2017/10/27 15:00,12.281148,10.254732
2017/10/27 16:00,9.264391,7.293557
2017/10/27 17:00,4.2814198,3.6196678
2017/10/27 18:00,0.699904,0.5936384
2017/10/27 19:00,-0.017091705,-0.4964036
2017/10/27 20:00,-0.021336744,-0.1926924
2017/10/27 21:00,-0.021257611,-0.18516445
2017/10/27 22:00,-0.021146271,-0.34303844
2017/10/27 23:00,-0.021024963,-0.19085525
2017/10/28 0:00,-0.021069707,-0.2335095
2017/10/28 1:00,-0.02097562,-0.26694933
2017/10/28 2:00,-0.02123941,-0.4620732
2017/10/28 3:00,-0.021289513,-0.17608334
2017/10/28 4:00,-0.021388933,0.09699544
2017/10/28 5:00,-0.021367732,-0.34726575
2017/10/28 6:00,0.55701536,0.4820375
2017/10/28 7:00,4.5415034,3.3575017
2017/10/28 8:00,9.9908,10.34155
2017/10/28 9:00,14.362116,15.437805
2017/10/28 10:00,17.34801,16.843784
2017/10/28 11:00,18.964088,18.832275
2017/10/28 12:00,19.444614,19.618713
2017/10/28 13:00,19.153635,18.863485
2017/10/28 14:00,17.453072,16.267282
2017/10/28 15:00,14.460352,13.466033
2017/10/28 16:00,9.423589,8.59583
2017/10/28 17:00,4.4021354,3.818887
2017/10/28 18:00,0.6928628,0.49897233
2017/10/28 19:00,-0.020535313,-0.30693442
2017/10/28 20:00,-0.021053568,0.034955863
2017/10/28 21:00,-0.020996604,0.29357657
2017/10/28 22:00,-0.020956352,-0.09206523
2017/10/28 23:00,-0.021045145,-0.076364145
2017/10/29 0:00,-0.02117785,-0.11712019
2017/10/29 1:00,-0.021111878,-0.6907116
2017/10/29 2:00,-0.021697123,-0.040166706
2017/10/29 3:00,-0.021535536,-0.4536186
2017/10/29 4:00,-0.021735823,-0.02385158
2017/10/29 5:00,-0.021635404,0.047209334
2017/10/29 6:00,0.56519043,0.5198766
2017/10/29 7:00,4.726953,4.5727944
2017/10/29 8:00,10.147598,10.666366
2017/10/29 9:00,14.455884,14.610276
2017/10/29 10:00,17.778883,17.308867
2017/10/29 11:00,19.579473,19.15375
2017/10/29 12:00,20.261597,20.193748
2017/10/29 13:00,19.754333,19.072565
2017/10/29 14:00,17.877937,17.389292
2017/10/29 15:00,14.774117,14.085773
2017/10/29 16:00,9.597919,9.054478
2017/10/29 17:00,4.475708,4.2002945
2017/10/29 18:00,0.68960756,0.71909887
2017/10/29 19:00,-0.020766705,0.036217578
2017/10/29 20:00,-0.021101018,-0.21957332
2017/10/29 21:00,-0.021080414,-0.01114474
2017/10/29 22:00,-0.021120265,0.23902759
2017/10/29 23:00,-0.021269046,-0.14332105
2017/10/30 0:00,-0.021021089,-0.19712025
2017/10/30 1:00,-0.02113742,-0.18980154
2017/10/30 2:00,-0.02099564,-0.3186635
2017/10/30 3:00,-0.020997446,-0.17340794
2017/10/30 4:00,-0.021031186,-0.13972397
2017/10/30 5:00,-0.021065619,0.05042528
2017/10/30 6:00,0.6026781,0.4278217
2017/10/30 7:00,4.6642847,4.110473
2017/10/30 8:00,10.267013,10.514589
2017/10/30 9:00,14.845728,14.853383
2017/10/30 10:00,18.096027,18.26462
2017/10/30 11:00,19.88671,19.52199
2017/10/30 12:00,20.519444,19.627941
2017/10/30 13:00,19.882551,18.88445
2017/10/30 14:00,17.972378,17.060768
2017/10/30 15:00,14.813325,13.719896
2017/10/30 16:00,9.675544,9.704646
2017/10/30 17:00,4.624812,4.1185656
2017/10/30 18:00,0.7476695,0.49555334
2017/10/30 19:00,-0.020570802,-0.16502681
2017/10/30 20:00,-0.021552825,-0.16062139
2017/10/30 21:00,-0.021442054,-0.13572584
2017/10/30 22:00,-0.02131117,-0.3424904
2017/10/30 23:00,-0.021350017,-0.054447893
2017/10/31 0:00,-0.021247294,-0.039780594
2017/10/31 1:00,-0.02155195,-0.32794517
2017/10/31 2:00,-0.021670422,-0.4884086
2017/10/31 3:00,-0.021772401,0.19302538
2017/10/31 4:00,-0.021816034,-0.47960025
2017/10/31 5:00,-0.021677222,0.68115145
2017/10/31 6:00,0.6189598,-0.2576658
2017/10/31 7:00,4.8106065,4.7928267
2017/10/31 8:00,10.48053,9.872593
2017/10/31 9:00,15.1115055,14.841068
2017/10/31 10:00,18.254995,18.614033
2017/10/31 11:00,20.067396,19.66831
2017/10/31 12:00,20.646624,20.813105
2017/10/31 13:00,19.937922,19.403622
2017/10/31 14:00,18.054764,17.628668
2017/10/31 15:00,14.971615,14.140998
2017/10/31 16:00,9.780902,9.14973
2017/10/31 17:00,4.6300416,4.2986484
2017/10/31 18:00,0.74719346,0.60696554
2017/10/31 19:00,-0.020307625,-0.40285972
2017/10/31 20:00,-0.02175475,-0.18688078
2017/10/31 21:00,-0.021660551,-0.30993488
2017/10/31 22:00,-0.021622702,0.096148476
2017/10/31 23:00,-0.021504175,-0.255351
2017/11/1 0:00,-0.021184733,0.04072762
2017/11/1 1:00,-0.021512162,-0.21023312
2017/11/1 2:00,-0.021630444,-0.4338222
2017/11/1 3:00,-0.021715827,-0.2534329
2017/11/1 4:00,-0.021818299,-0.12228912
2017/11/1 5:00,-0.021687075,-0.19943443
2017/11/1 6:00,0.6477772,0.7148516
2017/11/1 7:00,4.959657,4.2028065
2017/11/1 8:00,10.628067,11.202286
2017/11/1 9:00,15.251961,14.336957
2017/11/1 10:00,18.428545,18.345722
2017/11/1 11:00,20.248745,20.249853
2017/11/1 12:00,20.7899,20.279776
2017/11/1 13:00,20.06563,19.439636
2017/11/1 14:00,18.260845,17.252285
2017/11/1 15:00,15.0932,13.867366
2017/11/1 16:00,9.925967,9.859744
2017/11/1 17:00,4.7158523,4.085671
2017/11/1 18:00,0.75634885,0.66474044
2017/11/1 19:00,-0.019520395,-0.15857126
2017/11/1 20:00,-0.021541808,-0.24719283
2017/11/1 21:00,-0.021508422,0.07839477
2017/11/1 22:00,-0.021516562,-0.20229167
2017/11/1 23:00,-0.021504305,0.16619927
2017/11/2 0:00,-0.021283021,-0.10397743
2017/11/2 1:00,-0.021585664,-0.011452384
2017/11/2 2:00,-0.021590495,-0.12333785
2017/11/2 3:00,-0.02164383,-0.5147639
2017/11/2 4:00,-0.02169488,0.3326412
2017/11/2 5:00,-0.021622268,-0.29383397
2017/11/2 6:00,0.6627703,0.8488645
2017/11/2 7:00,4.955644,4.6221023
2017/11/2 8:00,10.522911,10.737889
2017/11/2 9:00,15.00636,15.190971
2017/11/2 10:00,18.164164,17.38618
2017/11/2 11:00,19.968712,19.873442
2017/11/2 12:00,20.404993,20.403011
2017/11/2 13:00,19.627005,19.390236
2017/11/2 14:00,17.899982,17.375038
2017/11/2 15:00,14.777442,14.532182
2017/11/2 16:00,9.726919,9.269415
2017/11/2 17:00,4.658264,4.3815603
2017/11/2 18:00,0.76239717,0.84445596
2017/11/2 19:00,-0.019075686,-0.25322738
2017/11/2 20:00,-0.021356555,-0.23602545
2017/11/2 21:00,-0.02132168,-0.20113955
2017/11/2 22:00,-0.021317987,-0.3798935
2017/11/2 23:00,-0.021889491,-0.22985263
2017/11/3 0:00,-0.021274762,-0.05448775
2017/11/3 1:00,-0.021593794,-0.4367741
2017/11/3 2:00,-0.02129209,-0.4434252
2017/11/3 3:00,-0.021353975,-0.74074686
2017/11/3 4:00,-0.021525027,-0.09433457
2017/11/3 5:00,-0.021379385,-0.57059574
2017/11/3 6:00,0.6758258,0.4201396
2017/11/3 7:00,4.9219065,4.0719957
2017/11/3 8:00,10.3262615,10.104594
2017/11/3 9:00,14.782236,13.806734
2017/11/3 10:00,17.635387,16.866243
2017/11/3 11:00,19.203773,18.851492
2017/11/3 12:00,19.677036,18.78596
2017/11/3 13:00,19.102997,18.198093
2017/11/3 14:00,17.306469,16.316526
2017/11/3 15:00,14.319536,13.208802
2017/11/3 16:00,9.368605,8.661935
2017/11/3 17:00,4.480693,3.785243
2017/11/3 18:00,0.7644576,0.3726948
2017/11/3 19:00,-0.018875465,-0.33611706
2017/11/3 20:00,-0.021322705,-0.18737152
2017/11/3 21:00,-0.021195164,-0.06881128
2017/11/3 22:00,-0.021017518,-0.15840186
2017/11/3 23:00,-0.020905588,-0.050444774
2017/11/4 0:00,-0.020748368,-0.069992036
2017/11/4 1:00,-0.02100712,-0.24145594
2017/11/4 2:00,-0.021109143,-0.3434644
2017/11/4 3:00,-0.02129434,-0.37512314
2017/11/4 4:00,-0.021445043,-0.11399393
2017/11/4 5:00,-0.021345269,-0.13225083
2017/11/4 6:00,0.6822652,0.542509
2017/11/4 7:00,4.7694244,4.6266685
2017/11/4 8:00,9.993953,10.111831
2017/11/4 9:00,14.310224,13.9857855
2017/11/4 10:00,17.360817,17.017262
2017/11/4 11:00,19.295792,18.887396
2017/11/4 12:00,19.801443,19.404102
2017/11/4 13:00,18.95576,18.67586
2017/11/4 14:00,17.0774,16.480587
2017/11/4 15:00,14.31978,13.4599
2017/11/4 16:00,9.894395,9.010622
2017/11/4 17:00,3.261562,4.3158016
2017/11/4 18:00,0.9395806,0.15552513
2017/11/4 19:00,-0.020514363,-0.07674652
2017/11/4 20:00,-0.0208969,-0.18571872
2017/11/4 21:00,-0.020865865,0.15145102
2017/11/4 22:00,-0.020780714,-0.16027264
2017/11/4 23:00,-0.020786317,0.02327035
2017/11/5 0:00,-0.020484805,-0.17419262
2017/11/5 1:00,-0.020747025,-0.21267435
2017/11/5 2:00,-0.020842409,-0.37172535
2017/11/5 3:00,-0.020809337,-0.26271453
2017/11/5 4:00,-0.02081028,-0.13433585
2017/11/5 5:00,-0.020659575,-0.08506164
2017/11/5 6:00,0.67579216,0.7541124
2017/11/5 7:00,4.6516404,4.828863
2017/11/5 8:00,9.059008,10.388494
2017/11/5 9:00,13.963348,13.321718
2017/11/5 10:00,14.868687,16.349997
2017/11/5 11:00,14.394774,16.37209
2017/11/5 12:00,18.986929,15.765608
2017/11/5 13:00,17.761646,17.713083
2017/11/5 14:00,13.391584,15.54094
2017/11/5 15:00,15.702186,11.595796
2017/11/5 16:00,8.033874,10.224989
2017/11/5 17:00,3.471234,4.010272
2017/11/5 18:00,0.7262699,0.7223908
2017/11/5 19:00,-0.021009503,-0.10044013
2017/11/5 20:00,-0.021057768,0.062055986
2017/11/5 21:00,-0.020974873,0.14031479
2017/11/5 22:00,-0.02093997,-0.2008618
2017/11/5 23:00,-0.02082768,0.09068811
2017/11/6 0:00,-0.020590957,-0.057925396
2017/11/6 1:00,-0.020857824,-0.16083065
2017/11/6 2:00,-0.020971378,-0.025915416
2017/11/6 3:00,-0.020889888,-0.1954064
2017/11/6 4:00,-0.020924238,-0.043865915
2017/11/6 5:00,-0.02082275,0.15617903
2017/11/6 6:00,0.6536582,0.7328407
2017/11/6 7:00,2.5432327,4.8342757
2017/11/6 8:00,5.22815,8.466181
2017/11/6 9:00,10.099995,9.713558
2017/11/6 10:00,10.63081,12.32474
2017/11/6 11:00,13.219611,12.918852
2017/11/6 12:00,11.733825,14.921251
2017/11/6 13:00,16.0859,12.180636
2017/11/6 14:00,15.753989,13.733081
2017/11/6 15:00,8.040698,11.879477
2017/11/6 16:00,3.7632298,6.025441
2017/11/6 17:00,0.59135234,2.497318
2017/11/6 18:00,0.25461864,-0.14094459
2017/11/6 19:00,-0.021415608,0.1295634
2017/11/6 20:00,-0.021396723,0.12151234
2017/11/6 21:00,-0.021193307,0.11934638
2017/11/6 22:00,-0.021039836,-0.20162655
2017/11/6 23:00,-0.020943135,0.039013777
2017/11/7 0:00,-0.020738918,-0.069772825
2017/11/7 1:00,-0.020880805,0.08873263
2017/11/7 2:00,-0.020894896,-0.007959934
2017/11/7 3:00,-0.02087666,-0.14929958
2017/11/7 4:00,-0.021054221,-0.2450256
2017/11/7 5:00,-0.02101643,-0.42597917
2017/11/7 6:00,0.600391,0.6111106
2017/11/7 7:00,4.0141172,3.7279787
2017/11/7 8:00,5.3586345,7.413618
2017/11/7 9:00,7.2318573,8.909971
2017/11/7 10:00,15.763203,10.229609
2017/11/7 11:00,18.056437,16.663414
2017/11/7 12:00,18.831814,17.477646
2017/11/7 13:00,17.9477,16.40839
2017/11/7 14:00,15.776567,14.281331
2017/11/7 15:00,10.650083,11.528283
2017/11/7 16:00,5.5119057,6.3857417
2017/11/7 17:00,1.587694,1.8262842
2017/11/7 18:00,0.20512481,-0.52698743
2017/11/7 19:00,-0.021571688,-0.20428325
2017/11/7 20:00,-0.021433227,-0.10388899
2017/11/7 21:00,-0.021396305,-0.46621335
2017/11/7 22:00,-0.021385163,-0.46264866
2017/11/7 23:00,-0.02125013,-0.2474245
2017/11/8 0:00,-0.020995867,-0.35719505
2017/11/8 1:00,-0.0212209,0.07656635
2017/11/8 2:00,-0.021237426,-0.5252636
2017/11/8 3:00,-0.021106562,-0.2696247
2017/11/8 4:00,-0.021164794,-0.44654402
2017/11/8 5:00,-0.021089435,-0.0052235164
2017/11/8 6:00,-0.0055296402,1.0687786
2017/11/8 7:00,0.43752334,3.556374
2017/11/8 8:00,2.851547,4.2857437
2017/11/8 9:00,2.064276,6.307413
2017/11/8 10:00,4.1592793,5.050086
2017/11/8 11:00,8.003577,6.055015
2017/11/8 12:00,12.194316,7.302747
2017/11/8 13:00,10.329875,10.370468
2017/11/8 14:00,15.230126,7.7829385
2017/11/8 15:00,6.7425127,9.498942
2017/11/8 16:00,5.2250667,3.6202583
2017/11/8 17:00,1.8082371,1.6323684
2017/11/8 18:00,0.6867277,-0.2942886
2017/11/8 19:00,-0.020250825,-0.1532018
2017/11/8 20:00,-0.021912225,0.17191498
2017/11/8 21:00,-0.021823598,-0.36742333
2017/11/8 22:00,-0.021803975,-0.26808277
2017/11/8 23:00,-0.021692123,-0.054308392
2017/11/9 0:00,-0.021385144,-0.3114843
2017/11/9 1:00,-0.021595273,-0.43050665
2017/11/9 2:00,-0.021617949,-0.21807994
2017/11/9 3:00,-0.021713188,-0.75932014
2017/11/9 4:00,-0.021789799,-0.35923523
2017/11/9 5:00,-0.021658013,-0.27918535
2017/11/9 6:00,0.67217815,0.54937
2017/11/9 7:00,4.33658,4.1116014
2017/11/9 8:00,9.3677,7.9654155
2017/11/9 9:00,13.458996,11.732017
2017/11/9 10:00,14.163366,16.360323
2017/11/9 11:00,18.150734,16.351791
2017/11/9 12:00,18.528936,18.082619
2017/11/9 13:00,17.908083,16.814735
2017/11/9 14:00,15.424542,15.825277
2017/11/9 15:00,11.433358,13.555365
2017/11/9 16:00,7.7531805,7.548364
2017/11/9 17:00,3.0173182,2.5025518
2017/11/9 18:00,0.5779143,0.2944086
2017/11/9 19:00,-0.021588553,-0.45859447
2017/11/9 20:00,-0.021487538,-0.14223869
2017/11/9 21:00,-0.02159847,-0.36343887
2017/11/9 22:00,-0.021917434,-0.58378583
2017/11/9 23:00,-0.022196628,-0.5248601
2017/11/10 0:00,-0.021921007,-0.53603494
2017/11/10 1:00,-0.022046382,-0.5658702
2017/11/10 2:00,-0.021999571,-0.5375744
2017/11/10 3:00,-0.021953538,-0.3858745
2017/11/10 4:00,-0.021831345,-0.038097892
2017/11/10 5:00,-0.021779802,-0.27815533
2017/11/10 6:00,0.67689615,0.8518487
2017/11/10 7:00,4.1655555,4.3617716
2017/11/10 8:00,8.04262,11.089213
2017/11/10 9:00,8.321695,13.323221
2017/11/10 10:00,7.4712534,12.470839
2017/11/10 11:00,7.996911,12.638983
2017/11/10 12:00,4.7926416,10.7735195
2017/11/10 13:00,5.472907,8.196076
2017/11/10 14:00,7.3982778,5.91654
2017/11/10 15:00,3.8126962,6.8208084
2017/11/10 16:00,1.0826074,2.6011724
2017/11/10 17:00,0.41758382,0.07368171
2017/11/10 18:00,0.09513344,0.17113279
2017/11/10 19:00,-0.0002770424,-0.050350115
2017/11/10 20:00,-0.022337811,0.049114984
2017/11/10 21:00,-0.022126704,0.21944669
2017/11/10 22:00,-0.022077184,0.076892674
2017/11/10 23:00,-0.021879446,0.91323507
2017/11/11 0:00,-0.021583322,0.14898612
2017/11/11 1:00,-0.021815095,-0.027081227
2017/11/11 2:00,-0.021672491,-0.24969882
2017/11/11 3:00,-0.02165218,-0.67915314
2017/11/11 4:00,-0.021651542,-0.06552559
2017/11/11 5:00,-0.02151652,0.37794966
2017/11/11 6:00,0.94439673,0.7733303
2017/11/11 7:00,4.5240445,3.7516568
2017/11/11 8:00,8.592279,8.189779
2017/11/11 9:00,12.145319,11.1369
2017/11/11 10:00,13.747163,13.936534
2017/11/11 11:00,11.27714,15.44901
2017/11/11 12:00,9.7177305,13.318929
2017/11/11 13:00,5.0452733,11.656125
2017/11/11 14:00,4.6317983,6.4194703
2017/11/11 15:00,11.716247,6.149797
2017/11/11 16:00,7.4109054,5.6456456
2017/11/11 17:00,3.482161,2.3051734
2017/11/11 18:00,1.447209,1.0174506
2017/11/11 19:00,-0.0026044156,-0.6270006
2017/11/11 20:00,-0.021542938,-0.372591
2017/11/11 21:00,-0.021544343,-0.48192936
2017/11/11 22:00,-0.021482969,0.35575938
2017/11/11 23:00,-0.02136587,0.34720513
2017/11/12 0:00,-0.021176603,0.24951738
2017/11/12 1:00,-0.021392362,-0.12938114
2017/11/12 2:00,-0.02140379,-0.646503
2017/11/12 3:00,-0.02136685,-0.4557634
2017/11/12 4:00,-0.02146761,-0.064066455
2017/11/12 5:00,-0.021223947,0.82933587
2017/11/12 6:00,0.6687571,0.12379414
2017/11/12 7:00,4.655465,3.9788578
2017/11/12 8:00,9.796813,10.180269
2017/11/12 9:00,13.930329,14.948429
2017/11/12 10:00,16.956682,15.868363
2017/11/12 11:00,18.553461,19.472668
2017/11/12 12:00,19.750452,19.411678
2017/11/12 13:00,14.308429,18.916153
2017/11/12 14:00,9.24238,14.415388
2017/11/12 15:00,6.636093,6.840805
2017/11/12 16:00,4.524892,3.9927847
2017/11/12 17:00,1.2650399,1.5822262
2017/11/12 18:00,0.83187515,0.2257011
2017/11/12 19:00,-0.020343047,-0.1894229
2017/11/12 20:00,-0.021640215,-0.117569834
2017/11/12 21:00,-0.021581143,0.40346298
2017/11/12 22:00,-0.021505998,-0.1435328
2017/11/12 23:00,-0.02150864,-0.03751374
2017/11/13 0:00,-0.021294894,-0.081271514
2017/11/13 1:00,-0.021471007,0.04902531
2017/11/13 2:00,-0.021461535,-0.37055954
2017/11/13 3:00,-0.02156337,0.96811783
2017/11/13 4:00,-0.021490563,0.16593273
2017/11/13 5:00,-0.021324987,-0.30470616
2017/11/13 6:00,0.16771278,0.74444777
2017/11/13 7:00,1.6246359,3.599638
2017/11/13 8:00,4.857293,6.119462
2017/11/13 9:00,13.422533,8.988994
2017/11/13 10:00,16.786425,15.28617
2017/11/13 11:00,17.84673,17.350998
2017/11/13 12:00,18.925604,17.918278
2017/11/13 13:00,16.915634,16.66749
2017/11/13 14:00,8.333476,14.607056
2017/11/13 15:00,10.736948,8.007091
2017/11/13 16:00,4.57991,7.2409334
2017/11/13 17:00,5.044304,1.5524532
2017/11/13 18:00,0.84953797,1.865573
2017/11/13 19:00,-0.013648464,-0.99700606
2017/11/13 20:00,-0.021574875,0.17076537
2017/11/13 21:00,-0.021469705,-0.43513873
2017/11/13 22:00,-0.021357467,-0.103414446
2017/11/13 23:00,-0.021414127,0.15417498
2017/11/14 0:00,-0.02128106,0.2956068
2017/11/14 1:00,-0.021437738,0.2016494
2017/11/14 2:00,-0.02134471,0.6913025
2017/11/14 3:00,-0.021421459,-0.14367977
2017/11/14 4:00,-0.021437312,0.3367689
2017/11/14 5:00,-0.021355959,-0.23579253
2017/11/14 6:00,0.535924,-0.05738297
2017/11/14 7:00,4.7421565,3.95371
2017/11/14 8:00,9.959932,10.03222
2017/11/14 9:00,13.99137,15.112218
2017/11/14 10:00,16.967207,16.442024
2017/11/14 11:00,18.537367,19.151834
2017/11/14 12:00,19.145437,18.011814
2017/11/14 13:00,16.644976,17.994164
2017/11/14 14:00,15.236363,16.047813
2017/11/14 15:00,12.396217,11.839371
2017/11/14 16:00,7.472052,7.740947
2017/11/14 17:00,2.4631095,3.3207233
2017/11/14 18:00,1.248339,0.1701725
2017/11/14 19:00,-0.02140602,0.098189905
2017/11/14 20:00,-0.021503616,-0.70415086
2017/11/14 21:00,-0.021368003,-0.6987602
2017/11/14 22:00,-0.021302199,-0.167407
2017/11/14 23:00,-0.021219114,-0.515292
2017/11/15 0:00,-0.020979062,-0.062259823
2017/11/15 1:00,-0.021077044,-0.47406262
2017/11/15 2:00,-0.02102383,-0.82952034
2017/11/15 3:00,-0.021010555,-0.098025054
2017/11/15 4:00,-0.020995256,0.7751624
2017/11/15 5:00,-0.020767618,0.39630246
2017/11/15 6:00,0.8393307,0.77689743
2017/11/15 7:00,4.6115003,4.1309857
2017/11/15 8:00,9.732784,8.76272
2017/11/15 9:00,14.086858,12.966676
2017/11/15 10:00,17.27397,16.682663
2017/11/15 11:00,18.268986,18.609943
2017/11/15 12:00,19.136978,18.630924
2017/11/15 13:00,19.39618,17.323412
2017/11/15 14:00,16.378187,15.738807
2017/11/15 15:00,10.453148,10.894179
2017/11/15 16:00,8.811878,5.97208
2017/11/15 17:00,1.3304834,2.8360636
2017/11/15 18:00,0.13873823,-0.08264533
2017/11/15 19:00,0.1522308,0.4084812
2017/11/15 20:00,-0.022006648,-0.3816964
2017/11/15 21:00,-0.021770453,-0.1449938
2017/11/15 22:00,-0.021610104,-0.23335007
2017/11/15 23:00,-0.021517238,0.21970202
2017/11/16 0:00,-0.021319456,-1.1515309
2017/11/16 1:00,-0.021530692,-0.038228672
2017/11/16 2:00,-0.021478754,-0.4716538
2017/11/16 3:00,-0.021409594,-0.119211435
2017/11/16 4:00,-0.021440258,-0.51008195
2017/11/16 5:00,-0.021397911,-0.357357
2017/11/16 6:00,0.7774439,0.6705427
2017/11/16 7:00,4.3368173,5.4040623
2017/11/16 8:00,10.16067,9.461612
2017/11/16 9:00,14.095968,13.831394
2017/11/16 10:00,17.130375,16.80251
2017/11/16 11:00,15.705299,18.800104
2017/11/16 12:00,19.810785,16.660332
2017/11/16 13:00,16.975847,16.922655
2017/11/16 14:00,15.627499,14.529649
2017/11/16 15:00,13.692543,10.812767
2017/11/16 16:00,9.460448,6.4634523
2017/11/16 17:00,4.309128,3.225037
2017/11/16 18:00,0.44029143,0.62950456
2017/11/16 19:00,-0.00031987578,0.032175228
2017/11/16 20:00,-0.021449028,0.5935145
2017/11/16 21:00,-0.021623481,0.14593832
2017/11/16 22:00,-0.0214425,-0.27229014
2017/11/16 23:00,-0.021317549,-0.060197234
2017/11/17 0:00,-0.02110533,-0.18923856
2017/11/17 1:00,-0.021271793,-0.7267771
2017/11/17 2:00,-0.021268586,0.2614819
2017/11/17 3:00,-0.021309357,-0.3118318
2017/11/17 4:00,-0.021280356,0.5916736
2017/11/17 5:00,-0.021088555,0.21789539
2017/11/17 6:00,0.72037107,1.0822951
2017/11/17 7:00,4.8344517,5.7365522
2017/11/17 8:00,10.121538,11.189869
2017/11/17 9:00,14.320655,13.6267805
2017/11/17 10:00,17.070457,15.688193
2017/11/17 11:00,18.661877,18.120783
2017/11/17 12:00,19.310244,19.765982
2017/11/17 13:00,18.874472,18.790041
2017/11/17 14:00,14.705796,16.45846
2017/11/17 15:00,13.60779,11.423482
2017/11/17 16:00,8.628088,7.768787
2017/11/17 17:00,5.150226,3.7404637
2017/11/17 18:00,1.1283416,1.4679879
2017/11/17 19:00,0.014928963,-0.2976241
2017/11/17 20:00,-0.02115332,-0.027667869
2017/11/17 21:00,-0.02108169,0.09917885
2017/11/17 22:00,-0.020960597,-0.0044749565
2017/11/17 23:00,-0.020916183,-0.61812747
2017/11/18 0:00,-0.020660484,-0.51860505
2017/11/18 1:00,-0.020950936,-0.39035094
2017/11/18 2:00,-0.020986537,-0.66852385
2017/11/18 3:00,-0.021030106,-0.7234092
2017/11/18 4:00,-0.021045828,0.21377581
2017/11/18 5:00,-0.020792851,-0.21264134
2017/11/18 6:00,0.7329355,1.213034
2017/11/18 7:00,4.772079,4.347112
2017/11/18 8:00,9.84265,11.600521
2017/11/18 9:00,13.869922,13.849979
2017/11/18 10:00,16.682032,16.516249
2017/11/18 11:00,18.352802,18.784489
2017/11/18 12:00,19.03437,17.846117
2017/11/18 13:00,13.527868,18.138603
2017/11/18 14:00,4.545294,13.534039
2017/11/18 15:00,8.095357,6.7803984
2017/11/18 16:00,7.4886384,5.0535684
2017/11/18 17:00,5.334515,3.5339983
2017/11/18 18:00,1.8459103,1.0891591
2017/11/18 19:00,0.0075306036,-0.11924195
2017/11/18 20:00,-0.021029508,-0.540355
2017/11/18 21:00,-0.021066988,0.057445053
2017/11/18 22:00,-0.02086245,-0.07997367
2017/11/18 23:00,-0.02076735,0.05034307
2017/11/19 0:00,-0.020515596,-0.059870906
2017/11/19 1:00,-0.020655144,-0.17216243
2017/11/19 2:00,-0.02061755,0.00096051395
2017/11/19 3:00,-0.020661816,-0.16906855
2017/11/19 4:00,-0.020771844,-0.04677297
2017/11/19 5:00,-0.020853054,0.3803037
2017/11/19 6:00,0.701261,0.33961397
2017/11/19 7:00,2.484928,3.7247453
2017/11/19 8:00,4.400438,8.101001
2017/11/19 9:00,4.7376328,9.436492
2017/11/19 10:00,7.222006,8.602028
2017/11/19 11:00,11.660893,9.319074
2017/11/19 12:00,18.268324,11.112622
2017/11/19 13:00,16.402225,14.972928
2017/11/19 14:00,17.259615,12.485992
2017/11/19 15:00,14.259173,11.512216
2017/11/19 16:00,9.346452,7.5402656
2017/11/19 17:00,5.0630794,4.1500797
2017/11/19 18:00,0.93926334,1.4612322
2017/11/19 19:00,-0.011749803,-0.17507197
2017/11/19 20:00,-0.021357253,0.09820983
2017/11/19 21:00,-0.02127418,-0.75455725
2017/11/19 22:00,-0.02117178,0.30280092
2017/11/19 23:00,-0.021177882,-0.099971816
2017/11/20 0:00,-0.021150611,0.02980188
2017/11/20 1:00,-0.02131824,-0.06315411
2017/11/20 2:00,-0.021319754,-0.34014633
2017/11/20 3:00,-0.021330666,0.2111677
2017/11/20 4:00,-0.021472264,-0.16875716
2017/11/20 5:00,-0.021211857,0.80925614
2017/11/20 6:00,0.84169257,0.22757748
2017/11/20 7:00,3.2644653,4.5571065
2017/11/20 8:00,9.787446,7.7263293
2017/11/20 9:00,14.158198,13.4921
2017/11/20 10:00,16.964287,16.162045
2017/11/20 11:00,18.509645,19.41387
2017/11/20 12:00,19.155146,18.95032
2017/11/20 13:00,19.14584,16.781448
2017/11/20 14:00,17.49523,15.099803
2017/11/20 15:00,14.846984,12.938775
2017/11/20 16:00,9.5275955,9.96965
2017/11/20 17:00,4.7815175,4.0216613
2017/11/20 18:00,1.08594,0.59472203
2017/11/20 19:00,0.011547647,-0.6864831
2017/11/20 20:00,-0.021200169,-0.1680522
2017/11/20 21:00,-0.021194436,-0.2735419
2017/11/20 22:00,-0.021109095,0.048053797
2017/11/20 23:00,-0.021059586,-0.094247386
2017/11/21 0:00,-0.020734604,-0.48366562
2017/11/21 1:00,-0.02104104,-0.39285195
2017/11/21 2:00,-0.021027964,0.1782136
2017/11/21 3:00,-0.021094771,0.003782872
2017/11/21 4:00,-0.021202166,0.23184091
2017/11/21 5:00,-0.020968286,-0.1646382
2017/11/21 6:00,0.7802646,0.9226923
2017/11/21 7:00,5.0204954,4.2009726
2017/11/21 8:00,10.264755,10.560045
2017/11/21 9:00,14.396648,14.139886
2017/11/21 10:00,17.31707,17.160084
2017/11/21 11:00,19.30053,19.944519
2017/11/21 12:00,19.887762,19.218508
2017/11/21 13:00,19.593279,18.335146
2017/11/21 14:00,18.270885,17.15813
2017/11/21 15:00,15.431329,13.653435
2017/11/21 16:00,10.304172,10.008287
2017/11/21 17:00,5.3831186,4.10964
2017/11/21 18:00,1.0866097,0.7296671
2017/11/21 19:00,0.0077985376,-0.04533688
2017/11/21 20:00,-0.02107622,0.21975683
2017/11/21 21:00,-0.021039225,0.2813779
2017/11/21 22:00,-0.021055628,0.016703945
2017/11/21 23:00,-0.02093086,-0.17713207
2017/11/22 0:00,-0.020650435,-0.24710065
2017/11/22 1:00,-0.02097125,-0.23226894
2017/11/22 2:00,-0.02094325,-0.053506278
2017/11/22 3:00,-0.021003505,-0.38603145
2017/11/22 4:00,-0.021149568,-0.033179313
2017/11/22 5:00,-0.020744314,-0.26479208
2017/11/22 6:00,0.9013615,1.1012582
2017/11/22 7:00,5.105925,4.4993935
2017/11/22 8:00,9.940962,10.599378
2017/11/22 9:00,14.072054,14.066916
2017/11/22 10:00,16.857603,16.607347
2017/11/22 11:00,16.510248,19.08867
2017/11/22 12:00,19.472939,17.804873
2017/11/22 13:00,18.634577,18.183084
2017/11/22 14:00,17.710197,16.778849
2017/11/22 15:00,14.5237255,13.742582
2017/11/22 16:00,7.4226985,8.405517
2017/11/22 17:00,5.5829897,3.5090752
2017/11/22 18:00,1.8593433,1.113752
2017/11/22 19:00,0.031856008,-0.39925766
2017/11/22 20:00,-0.021096472,-0.52808726
2017/11/22 21:00,-0.021055516,-0.64883584
2017/11/22 22:00,-0.021057706,-0.22905798
2017/11/22 23:00,-0.020936297,-0.11159754
2017/11/23 0:00,-0.020704802,-0.19411604
2017/11/23 1:00,-0.020878099,-0.37475947
2017/11/23 2:00,-0.021016616,-0.52497965
2017/11/23 3:00,-0.02109874,-0.6145802
2017/11/23 4:00,-0.021108173,-0.3940688
2017/11/23 5:00,-0.02084911,0.07870802
2017/11/23 6:00,0.81969875,0.5571159
2017/11/23 7:00,4.9504256,4.348289
2017/11/23 8:00,10.058514,10.41128
2017/11/23 9:00,14.369335,13.938822
2017/11/23 10:00,17.320448,17.713263
2017/11/23 11:00,18.891367,20.16519
2017/11/23 12:00,19.416952,19.932972
2017/11/23 13:00,18.507788,17.574327
2017/11/23 14:00,14.8129425,16.614779
2017/11/23 15:00,7.932612,12.0656
2017/11/23 16:00,7.5063915,6.1464963
2017/11/23 17:00,4.8786654,4.2099843
2017/11/23 18:00,1.1401086,1.0134138
2017/11/23 19:00,0.023345657,0.010234691
2017/11/23 20:00,-0.021349099,-0.12893026
2017/11/23 21:00,-0.021247901,-0.243734
2017/11/23 22:00,-0.021176195,0.14466913
2017/11/23 23:00,-0.021061268,0.2335099
2017/11/24 0:00,-0.021271583,0.43935776
2017/11/24 1:00,-0.021451961,-0.025028603
2017/11/24 2:00,-0.0211992,-0.717042
2017/11/24 3:00,-0.021250607,-0.14262605
2017/11/24 4:00,-0.021328475,-0.29401457
2017/11/24 5:00,-0.021146506,0.0060951877
2017/11/24 6:00,0.7805176,0.23395053
2017/11/24 7:00,4.9485664,3.9231367
2017/11/24 8:00,10.242178,9.464249
2017/11/24 9:00,14.553712,13.101632
2017/11/24 10:00,17.603601,16.823923
2017/11/24 11:00,19.333742,18.001286
2017/11/24 12:00,19.80543,18.855349
2017/11/24 13:00,19.004972,18.487549
2017/11/24 14:00,16.903095,17.349556
2017/11/24 15:00,14.861063,13.664122
2017/11/24 16:00,9.385735,9.713943
2017/11/24 17:00,5.313549,4.7176256
2017/11/24 18:00,1.1251538,1.9665802
2017/11/24 19:00,0.021722969,0.028667208
2017/11/24 20:00,-0.021197144,-0.2911399
2017/11/24 21:00,-0.021153484,-0.30737284
2017/11/24 22:00,-0.021043114,-0.10645352
2017/11/24 23:00,-0.020905148,-0.06818603
2017/11/25 0:00,-0.020579187,0.20689803
2017/11/25 1:00,-0.020783741,-0.17747085
2017/11/25 2:00,-0.02079505,-0.48101765
2017/11/25 3:00,-0.020889739,-0.7254194
2017/11/25 4:00,-0.020971108,-0.27504274
2017/11/25 5:00,-0.020664832,-0.05775725
2017/11/25 6:00,0.85343075,0.86502606
2017/11/25 7:00,4.8063025,4.627019
2017/11/25 8:00,7.5836663,10.750765
2017/11/25 9:00,12.403467,11.920563
2017/11/25 10:00,14.653342,15.902025
2017/11/25 11:00,18.74525,17.530207
2017/11/25 12:00,19.294233,18.51225
2017/11/25 13:00,16.069294,18.37622
2017/11/25 14:00,8.508424,16.04034
2017/11/25 15:00,0.5732061,9.952418
2017/11/25 16:00,0.45370448,4.1615834
2017/11/25 17:00,0.8259962,2.433749
2017/11/25 18:00,0.45690557,0.115431696
2017/11/25 19:00,-0.0073532276,-0.24191305
2017/11/25 20:00,-0.021863518,-0.47781664
2017/11/25 21:00,-0.021617297,-0.18259868
2017/11/25 22:00,-0.02143422,-0.18970688
2017/11/25 23:00,-0.021252226,-0.013410349
2017/11/26 0:00,-0.021078631,0.018415295
2017/11/26 1:00,-0.021303602,-0.54057115
2017/11/26 2:00,-0.021252064,-0.19871701
2017/11/26 3:00,-0.021263145,-0.4268149
2017/11/26 4:00,-0.021299448,0.024164636
2017/11/26 5:00,-0.021095704,0.18133737
2017/11/26 6:00,0.37442055,0.61761355
2017/11/26 7:00,1.9128056,3.0890763
2017/11/26 8:00,8.098308,5.604211
2017/11/26 9:00,14.204404,10.727194
2017/11/26 10:00,11.39081,16.044083
2017/11/26 11:00,10.617611,14.100538
2017/11/26 12:00,11.102421,13.611303
2017/11/26 13:00,11.547603,11.884645
2017/11/26 14:00,12.254822,10.29215
2017/11/26 15:00,10.875837,8.53403
2017/11/26 16:00,0.97112143,5.8483896
2017/11/26 17:00,0.058111917,0.7279558
2017/11/26 18:00,0.0670788,0.056408774
2017/11/26 19:00,-0.02119855,-0.34389287
2017/11/26 20:00,-0.021676797,0.051909942
2017/11/26 21:00,-0.02150336,-0.2697206
2017/11/26 22:00,-0.021356385,-0.26462767
2017/11/26 23:00,-0.021247266,-0.09269048
2017/11/27 0:00,-0.021053132,-0.22926474
2017/11/27 1:00,-0.021227403,-0.07229377
2017/11/27 2:00,-0.021210672,-0.030987192
2017/11/27 3:00,-0.021334684,-0.5706954
2017/11/27 4:00,-0.021385666,-0.103271216
2017/11/27 5:00,-0.021190122,-0.3809086
2017/11/27 6:00,0.7249314,0.78932714
2017/11/27 7:00,4.7902637,4.385151
2017/11/27 8:00,9.977039,9.237811
2017/11/27 9:00,14.069547,12.013911
2017/11/27 10:00,16.682972,15.307541
2017/11/27 11:00,17.735777,19.225124
2017/11/27 12:00,19.03715,18.056528
2017/11/27 13:00,19.678125,17.287827
2017/11/27 14:00,9.300602,16.716768
2017/11/27 15:00,13.572499,8.600436
2017/11/27 16:00,8.311496,7.306274
2017/11/27 17:00,3.3878522,3.3944745
2017/11/27 18:00,0.5914566,0.3067505
2017/11/27 19:00,0.014233995,-0.04828255
2017/11/27 20:00,-0.021392692,-0.23270987
2017/11/27 21:00,-0.021188736,-0.103263736
2017/11/27 22:00,-0.02105734,-0.6221754
2017/11/27 23:00,-0.020942213,-0.35977578
2017/11/28 0:00,-0.020598734,-0.21959947
2017/11/28 1:00,-0.020920612,-0.44934645
2017/11/28 2:00,-0.02105454,-0.37173283
2017/11/28 3:00,-0.021070087,-0.20296922
2017/11/28 4:00,-0.021105668,-0.31870836
2017/11/28 5:00,-0.020905413,-0.09118837
2017/11/28 6:00,0.742139,1.4079318
2017/11/28 7:00,4.645421,4.132717
2017/11/28 8:00,9.675074,10.657734
2017/11/28 9:00,11.833686,15.473506
2017/11/28 10:00,15.945232,14.443177
2017/11/28 11:00,14.709287,16.606165
2017/11/28 12:00,14.314021,16.306646
2017/11/28 13:00,8.655856,14.740743
2017/11/28 14:00,13.823821,9.614683
2017/11/28 15:00,8.046511,10.500763
2017/11/28 16:00,1.3664985,4.5408754
2017/11/28 17:00,2.5370548,2.3008838
2017/11/28 18:00,1.5046695,1.0523463
2017/11/28 19:00,0.063400686,0.13760452
2017/11/28 20:00,-0.021458605,0.6789855
2017/11/28 21:00,-0.021380084,-0.23597562
2017/11/28 22:00,-0.02145078,-0.40840107
2017/11/28 23:00,-0.02144478,-0.27740675
2017/11/29 0:00,-0.021201324,-0.30238202
2017/11/29 1:00,-0.021323053,-0.18507852
2017/11/29 2:00,-0.0212591,-0.5780589
2017/11/29 3:00,-0.021285605,-0.3824294
2017/11/29 4:00,-0.021423398,-0.22989249
2017/11/29 5:00,-0.021129478,-0.7191432
2017/11/29 6:00,0.69605124,0.9914976
2017/11/29 7:00,4.1261873,4.7087297
2017/11/29 8:00,9.1617985,8.974796
2017/11/29 9:00,12.721385,11.7149
2017/11/29 10:00,15.854122,14.0017605
2017/11/29 11:00,17.581106,16.980694
2017/11/29 12:00,18.217745,16.97774
2017/11/29 13:00,17.81948,17.12342
2017/11/29 14:00,16.174982,15.251406
2017/11/29 15:00,13.408304,11.713931
2017/11/29 16:00,8.703721,7.6316047
2017/11/29 17:00,4.420541,3.3604867
2017/11/29 18:00,0.8555629,0.8625036
2017/11/29 19:00,0.023473527,0.29715747
2017/11/29 20:00,-0.020991286,-0.6842162
2017/11/29 21:00,-0.020897927,-0.4664363
2017/11/29 22:00,-0.020894319,-0.46415824
2017/11/29 23:00,-0.020850442,-0.0698077
2017/11/30 0:00,-0.020774461,-0.094142765
2017/11/30 1:00,-0.021162624,-0.45994088
2017/11/30 2:00,-0.021162689,-0.5373328
2017/11/30 3:00,-0.0211601,-0.13827169
2017/11/30 4:00,-0.021195164,-0.13659522
2017/11/30 5:00,-0.020981846,0.37058237
2017/11/30 6:00,0.56635475,0.92882717
2017/11/30 7:00,4.7100945,4.524979
2017/11/30 8:00,2.5500886,10.506523
2017/11/30 9:00,13.717822,9.214791
2017/11/30 10:00,16.649773,16.625769
2017/11/30 11:00,18.419022,18.357824
2017/11/30 12:00,18.775991,19.638353
2017/11/30 13:00,17.927095,17.411457
2017/11/30 14:00,15.717791,15.749769
2017/11/30 15:00,11.750504,10.999323
2017/11/30 16:00,10.075656,7.4269824
2017/11/30 17:00,3.550655,4.3740525
2017/11/30 18:00,0.96879053,0.23192686
2017/11/30 19:00,0.02108064,-0.004731534
2017/11/30 20:00,-0.021214822,-0.5429189
2017/11/30 21:00,-0.0211719,-0.2230284
2017/11/30 22:00,-0.02114785,0.2916485
2017/11/30 23:00,-0.021094237,-0.045148805
2017/12/1 0:00,-0.020982321,-0.4825098
2017/12/1 1:00,-0.021213843,-0.6542128
2017/12/1 2:00,-0.021136297,-0.6848029
2017/12/1 3:00,-0.021164231,0.0605763
2017/12/1 4:00,-0.021209607,0.03473914
2017/12/1 5:00,-0.02099602,-0.004200941
2017/12/1 6:00,0.6716201,0.60867876
2017/12/1 7:00,3.571701,4.9366913
2017/12/1 8:00,4.473644,8.898514
2017/12/1 9:00,5.0860486,10.083014
2017/12/1 10:00,13.435765,9.582931
2017/12/1 11:00,16.547607,14.9518385
2017/12/1 12:00,19.780924,15.593008
2017/12/1 13:00,19.550915,16.604385
2017/12/1 14:00,17.946789,16.153242
2017/12/1 15:00,15.505356,11.798386
2017/12/1 16:00,10.382264,9.473676
2017/12/1 17:00,5.829386,4.71146
2017/12/1 18:00,1.3210568,1.9144748
2017/12/1 19:00,0.04717997,0.0838346
2017/12/1 20:00,-0.022077482,0.30207232
2017/12/1 21:00,-0.021956842,0.44111767
2017/12/1 22:00,-0.021817923,-0.4546474
2017/12/1 23:00,-0.021647573,-0.21670488
2017/12/2 0:00,-0.021506397,-0.32661244
2017/12/2 1:00,-0.021769434,-0.1769826
2017/12/2 2:00,-0.021779127,-0.32599965
2017/12/2 3:00,-0.021803917,-0.28445145
2017/12/2 4:00,-0.0217901,0.60745376
2017/12/2 5:00,-0.021552118,0.8504002
2017/12/2 6:00,0.7942522,0.11821233
2017/12/2 7:00,4.993965,4.2699046
2017/12/2 8:00,10.596885,8.9213705
2017/12/2 9:00,15.069047,15.685797
2017/12/2 10:00,18.144526,18.248106
2017/12/2 11:00,19.973152,19.908304
2017/12/2 12:00,20.785679,20.44415
2017/12/2 13:00,20.32007,18.958525
2017/12/2 14:00,18.661491,17.823542
2017/12/2 15:00,15.882652,14.314916
2017/12/2 16:00,10.53885,8.709101
2017/12/2 17:00,5.9375057,4.1281695
2017/12/2 18:00,1.3536078,0.9919273
2017/12/2 19:00,0.04261646,-0.55633074
2017/12/2 20:00,-0.021588651,0.03669897
2017/12/2 21:00,-0.021574162,0.25481087
2017/12/2 22:00,-0.021479983,0.24944016
2017/12/2 23:00,-0.021376625,-0.20240875
2017/12/3 0:00,-0.021214563,-0.16630597
2017/12/3 1:00,-0.021523621,-0.6815894
2017/12/3 2:00,-0.021592721,-0.50795084
2017/12/3 3:00,-0.021567903,-0.5611621
2017/12/3 4:00,-0.021539288,0.2816818
2017/12/3 5:00,-0.021198805,0.041442554
2017/12/3 6:00,0.98769456,0.595838
2017/12/3 7:00,5.0868545,6.0973864
2017/12/3 8:00,10.213212,10.657547
2017/12/3 9:00,15.018304,13.312694
2017/12/3 10:00,17.845022,19.05793
2017/12/3 11:00,19.211948,20.266764
2017/12/3 12:00,19.655523,19.50443
2017/12/3 13:00,19.128508,19.415245
2017/12/3 14:00,17.361082,16.958996
2017/12/3 15:00,15.42706,14.54334
2017/12/3 16:00,10.526997,9.098803
2017/12/3 17:00,5.9251614,3.9614747
2017/12/3 18:00,1.4300169,0.8576859
2017/12/3 19:00,0.0654857,-0.38857606
2017/12/3 20:00,-0.021745982,-0.063277416
2017/12/3 21:00,-0.021683604,0.3589554
2017/12/3 22:00,-0.021578085,-0.01730635
2017/12/3 23:00,-0.021522546,-0.07509371
2017/12/4 0:00,-0.02129908,-0.012197209
2017/12/4 1:00,-0.021557817,-0.072597675
2017/12/4 2:00,-0.021653375,-0.67515755
2017/12/4 3:00,-0.021725675,-0.81690323
2017/12/4 4:00,-0.021846185,0.74167275
2017/12/4 5:00,-0.02164534,-0.4767044
2017/12/4 6:00,0.76977,1.3533809
2017/12/4 7:00,5.1065593,3.9134598
2017/12/4 8:00,10.696023,10.9006
2017/12/4 9:00,15.276205,15.013984
2017/12/4 10:00,18.420805,17.392221
2017/12/4 11:00,20.41549,20.621504
2017/12/4 12:00,21.004423,19.16906
2017/12/4 13:00,20.508472,20.160036
2017/12/4 14:00,18.480343,18.910118
2017/12/4 15:00,14.566881,15.093834
2017/12/4 16:00,10.183281,8.71777
2017/12/4 17:00,5.384261,5.3250155
2017/12/4 18:00,1.4706169,0.64317167
2017/12/4 19:00,0.061864983,-0.31807438
2017/12/4 20:00,-0.02179453,-0.20182085
2017/12/4 21:00,-0.021789879,-0.105895534
2017/12/4 22:00,-0.02163227,-0.5178926
2017/12/4 23:00,-0.021478325,0.16488649
2017/12/5 0:00,-0.021261582,-0.22957364
2017/12/5 1:00,-0.021466294,-0.22108413
2017/12/5 2:00,-0.021419961,-0.23568667
2017/12/5 3:00,-0.021493517,-0.9050814
2017/12/5 4:00,-0.021645859,0.13288896
2017/12/5 5:00,-0.021312525,0.4084887
2017/12/5 6:00,0.78826046,0.800663
2017/12/5 7:00,4.2652345,4.8138328
2017/12/5 8:00,10.218581,8.453295
2017/12/5 9:00,12.441632,15.222781
2017/12/5 10:00,17.338678,15.799661
2017/12/5 11:00,18.53593,18.97576
2017/12/5 12:00,20.64746,19.49495
2017/12/5 13:00,19.628431,20.104214
2017/12/5 14:00,18.501947,17.1152
2017/12/5 15:00,10.212062,14.859015
2017/12/5 16:00,9.171803,7.3939714
2017/12/5 17:00,5.1535473,4.9967675
2017/12/5 18:00,1.6746594,1.4694339
2017/12/5 19:00,0.08959605,-0.19495179
2017/12/5 20:00,-0.021412564,-0.10181768
2017/12/5 21:00,-0.02127307,-0.5372817
2017/12/5 22:00,-0.021189258,0.19961171
2017/12/5 23:00,-0.021179441,-0.1156729
2017/12/6 0:00,-0.02092763,-0.046284724
2017/12/6 1:00,-0.021085732,-0.33420268
2017/12/6 2:00,-0.021044144,-0.19497296
2017/12/6 3:00,-0.021023031,-0.1185102
2017/12/6 4:00,-0.021040544,-0.5628137
2017/12/6 5:00,-0.021071497,0.31325212
2017/12/6 6:00,0.073007524,0.7124627
2017/12/6 7:00,1.0500759,3.1879628
2017/12/6 8:00,2.791117,5.917645
2017/12/6 9:00,4.30197,7.6153083
2017/12/6 10:00,3.5185008,8.988826
2017/12/6 11:00,9.618493,6.7744
2017/12/6 12:00,9.452463,10.71928
2017/12/6 13:00,6.536417,10.304792
2017/12/6 14:00,3.9710126,7.761052
2017/12/6 15:00,5.6982155,4.4895
2017/12/6 16:00,5.6550837,5.328493
2017/12/6 17:00,2.0868783,2.827148
2017/12/6 18:00,0.6021519,0.84297
2017/12/6 19:00,0.04641067,0.3465064
2017/12/6 20:00,-0.02168029,-0.7515387
2017/12/6 21:00,-0.021562949,0.3640359
2017/12/6 22:00,-0.021453543,-0.7806572
2017/12/6 23:00,-0.021490987,0.0155854635
2017/12/7 0:00,-0.021238633,-0.22178413
2017/12/7 1:00,-0.02134906,-0.17725413
2017/12/7 2:00,-0.021280598,0.041746464
2017/12/7 3:00,-0.021254232,-0.14635515
2017/12/7 4:00,-0.021329466,-0.4432035
2017/12/7 5:00,-0.020939967,0.4211021
2017/12/7 6:00,1.366242,-0.014178838
2017/12/7 7:00,3.498459,2.6542537
2017/12/7 8:00,7.72033,5.758812
2017/12/7 9:00,14.203461,10.437968
2017/12/7 10:00,17.33224,16.505857
2017/12/7 11:00,19.279074,19.476381
2017/12/7 12:00,19.760029,19.491734
2017/12/7 13:00,19.720745,18.749645
2017/12/7 14:00,18.41643,16.323196
2017/12/7 15:00,15.66761,13.734033
2017/12/7 16:00,10.348533,9.743833
2017/12/7 17:00,5.933691,4.794824
2017/12/7 18:00,1.5150349,0.8578304
2017/12/7 19:00,0.13890919,-0.6818846
2017/12/7 20:00,-0.021485822,-0.09371306
2017/12/7 21:00,-0.021338055,-0.19183798
2017/12/7 22:00,-0.021280522,-0.4261224
2017/12/7 23:00,-0.02123789,-0.30611858
2017/12/8 0:00,-0.020897983,-0.5080879
2017/12/8 1:00,-0.021174371,-0.45101297
2017/12/8 2:00,-0.021208564,-0.2443854
2017/12/8 3:00,-0.02135493,-0.30495277
2017/12/8 4:00,-0.021347294,-0.19076806
2017/12/8 5:00,-0.021079963,0.11523987
2017/12/8 6:00,0.7289344,1.4279393
2017/12/8 7:00,4.7251005,4.5349045
2017/12/8 8:00,10.066254,9.982013
2017/12/8 9:00,14.494322,13.74313
2017/12/8 10:00,17.683691,16.993574
2017/12/8 11:00,19.70115,20.080624
2017/12/8 12:00,20.419104,19.694647
2017/12/8 13:00,19.963516,18.772676
2017/12/8 14:00,18.266783,16.84174
2017/12/8 15:00,15.489989,14.620903
2017/12/8 16:00,10.349824,9.652469
2017/12/8 17:00,5.894592,4.5565743
2017/12/8 18:00,1.4880427,0.88687974
2017/12/8 19:00,0.0821816,-0.2885455
2017/12/8 20:00,-0.02156172,-0.06075274
2017/12/8 21:00,-0.021413803,0.24048859
2017/12/8 22:00,-0.021352293,0.24029553
2017/12/8 23:00,-0.021284588,0.2493779
2017/12/9 0:00,-0.021027042,-0.30501756
2017/12/9 1:00,-0.021282673,-0.50642383
2017/12/9 2:00,-0.02134782,-0.7065746
2017/12/9 3:00,-0.021582201,-0.3032489
2017/12/9 4:00,-0.021568941,-0.19173211
2017/12/9 5:00,-0.021383516,-0.04764982
2017/12/9 6:00,0.72915316,0.103985325
2017/12/9 7:00,4.675529,3.9744368
2017/12/9 8:00,10.106802,10.197682
2017/12/9 9:00,14.53549,15.190114
2017/12/9 10:00,17.621714,17.70048
2017/12/9 11:00,19.571056,18.57874
2017/12/9 12:00,20.23087,19.382458
2017/12/9 13:00,18.683859,19.021687
2017/12/9 14:00,14.215565,17.091406
2017/12/9 15:00,12.552883,12.622153
2017/12/9 16:00,7.430047,8.9901285
2017/12/9 17:00,4.651508,3.7582674
2017/12/9 18:00,1.602459,0.878947
2017/12/9 19:00,0.08310583,-0.3107644
2017/12/9 20:00,-0.0217623,-0.41048235
2017/12/9 21:00,-0.021694142,-0.107951894
2017/12/9 22:00,-0.021578588,-0.62233233
2017/12/9 23:00,-0.021538507,-0.71049553
2017/12/10 0:00,-0.021262717,-0.37731776
2017/12/10 1:00,-0.021476287,-0.7235187
2017/12/10 2:00,-0.02145626,-0.52331567
2017/12/10 3:00,-0.021478007,-0.23295149
2017/12/10 4:00,-0.02155704,-0.19471389
2017/12/10 5:00,-0.021266306,0.03940737
2017/12/10 6:00,0.71421766,0.82611525
2017/12/10 7:00,4.645185,4.29373
2017/12/10 8:00,9.954605,9.816135
2017/12/10 9:00,14.303127,14.580128
2017/12/10 10:00,17.379507,18.219906
2017/12/10 11:00,19.282566,20.40752
2017/12/10 12:00,19.950281,20.035967
2017/12/10 13:00,19.502739,19.43009
2017/12/10 14:00,17.968859,17.594156
2017/12/10 15:00,15.359432,13.872241
2017/12/10 16:00,10.235465,9.42948
2017/12/10 17:00,5.3054366,4.366826
2017/12/10 18:00,1.810621,1.3910307
2017/12/10 19:00,0.18937322,-0.23742667
2017/12/10 20:00,-0.021720173,-0.3927137
2017/12/10 21:00,-0.021583712,-0.42959616
2017/12/10 22:00,-0.021469215,-0.23476498
2017/12/10 23:00,-0.021435617,0.12518415
2017/12/11 0:00,-0.02114898,-0.026062388
2017/12/11 1:00,-0.021370927,-0.09201789
2017/12/11 2:00,-0.021283332,-0.7383978
2017/12/11 3:00,-0.021269303,-0.45070156
2017/12/11 4:00,-0.021299306,-0.09740853
2017/12/11 5:00,-0.004011864,-0.05701492
2017/12/11 6:00,1.4008839,0.92820936
2017/12/11 7:00,5.277395,4.7549596
2017/12/11 8:00,7.048244,10.665578
2017/12/11 9:00,11.095911,11.990957
2017/12/11 10:00,16.927715,13.8841095
2017/12/11 11:00,16.248928,18.646862
2017/12/11 12:00,16.265799,17.615925
2017/12/11 13:00,11.739409,15.7167845
2017/12/11 14:00,10.858333,11.88414
2017/12/11 15:00,11.192948,9.10096
2017/12/11 16:00,6.387851,8.4170475
2017/12/11 17:00,3.5984426,3.9669325
2017/12/11 18:00,1.8017099,1.0603589
2017/12/11 19:00,0.13263401,0.17505744
2017/12/11 20:00,-0.021680433,-0.16806091
2017/12/11 21:00,-0.021425277,-0.08447749
2017/12/11 22:00,-0.021220231,0.20132183
2017/12/11 23:00,-0.021219425,0.17325641
2017/12/12 0:00,-0.021012094,0.06857008
2017/12/12 1:00,-0.021244839,0.08617681
2017/12/12 2:00,-0.02120153,-0.2209571
2017/12/12 3:00,-0.021134134,-0.32792273
2017/12/12 4:00,-0.021182355,0.026984505
2017/12/12 5:00,-0.021082511,-0.050624132
2017/12/12 6:00,0.6409014,0.5384355
2017/12/12 7:00,4.7985034,3.5430183
2017/12/12 8:00,9.90204,8.925979
2017/12/12 9:00,12.615639,13.167345
2017/12/12 10:00,11.022878,15.55092
2017/12/12 11:00,19.057577,13.833951
2017/12/12 12:00,19.453316,19.119196
2017/12/12 13:00,16.910065,15.9088955
2017/12/12 14:00,13.512307,14.626307
2017/12/12 15:00,11.430775,10.749434
2017/12/12 16:00,5.6182966,8.086869
2017/12/12 17:00,3.4096253,3.313969
2017/12/12 18:00,1.544325,1.1932201
2017/12/12 19:00,0.07597451,0.09699482
2017/12/12 20:00,-0.021259807,-0.15673909
2017/12/12 21:00,-0.021093894,-0.0007583108
2017/12/12 22:00,-0.021028314,-0.7080394
2017/12/12 23:00,-0.020772692,-0.23654857
2017/12/13 0:00,-0.020466562,-0.13682191
2017/12/13 1:00,-0.020638442,-0.13885461
2017/12/13 2:00,-0.020786632,-0.11582485
2017/12/13 3:00,-0.020771174,-1.1629648
2017/12/13 4:00,-0.020879852,-0.01068016
2017/12/13 5:00,-0.020743407,0.34208727
2017/12/13 6:00,0.6312639,0.66756624
2017/12/13 7:00,4.1493406,4.1585207
2017/12/13 8:00,8.543247,8.078522
2017/12/13 9:00,13.37822,11.783368
2017/12/13 10:00,15.965471,16.846073
2017/12/13 11:00,8.798617,18.954165
2017/12/13 12:00,6.3393717,12.725591
2017/12/13 13:00,4.319837,9.514557
2017/12/13 14:00,3.8365412,6.764062
2017/12/13 15:00,3.6681437,4.830786
2017/12/13 16:00,9.009747,2.9541144
2017/12/13 17:00,6.114843,3.8457255
2017/12/13 18:00,1.3868284,1.3848877
2017/12/13 19:00,0.09814006,-0.4325493
2017/12/13 20:00,-0.021280112,-0.3756413
2017/12/13 21:00,-0.021519851,-0.37075883
2017/12/13 22:00,-0.02140987,0.16074637
2017/12/13 23:00,-0.021287102,0.08900416
2017/12/14 0:00,-0.021013854,-0.07285675
2017/12/14 1:00,-0.021194438,-0.0013661273
2017/12/14 2:00,-0.021216422,-0.5378683
2017/12/14 3:00,-0.021176998,-0.21960944
2017/12/14 4:00,-0.021149239,0.047814656
2017/12/14 5:00,-0.02095456,-0.28208494
2017/12/14 6:00,0.9443053,-0.27113742
2017/12/14 7:00,3.6616216,3.5993
2017/12/14 8:00,8.811906,8.248476
2017/12/14 9:00,13.840962,12.260143
2017/12/14 10:00,16.985367,15.754789
2017/12/14 11:00,18.748755,17.974869
2017/12/14 12:00,19.425268,18.340685
2017/12/14 13:00,18.958559,17.391005
2017/12/14 14:00,14.918726,15.320106
2017/12/14 15:00,15.687501,11.532177
2017/12/14 16:00,10.5638485,9.657112
2017/12/14 17:00,6.01411,5.2287064
2017/12/14 18:00,1.6005653,1.6581907
2017/12/14 19:00,0.09875387,-0.48717678
2017/12/14 20:00,-0.021522433,-0.4181772
2017/12/14 21:00,-0.0214356,0.3555763
2017/12/14 22:00,-0.021311633,-0.01288972
2017/12/14 23:00,-0.021154547,-0.07245818
2017/12/15 0:00,-0.020921344,-0.069511265
2017/12/15 1:00,-0.02117721,-0.5589725
2017/12/15 2:00,-0.02112161,-0.8107802
2017/12/15 3:00,-0.021196313,-0.6966628
2017/12/15 4:00,-0.021283753,0.46211848
2017/12/15 5:00,-0.021042012,0.48797432
2017/12/15 6:00,0.6028542,0.84321165
2017/12/15 7:00,4.256671,4.0209885
2017/12/15 8:00,9.307252,9.64847
2017/12/15 9:00,13.599907,14.20012
2017/12/15 10:00,16.73683,16.523817
2017/12/15 11:00,18.537931,16.464819
2017/12/15 12:00,19.12987,18.271967
2017/12/15 13:00,18.84564,18.803795
2017/12/15 14:00,17.089815,16.47363
2017/12/15 15:00,15.724852,14.142089
2017/12/15 16:00,9.657676,10.04165
2017/12/15 17:00,4.3094006,5.0860515
2017/12/15 18:00,1.6539164,0.8380365
2017/12/15 19:00,0.098300114,-0.29060683
2017/12/15 20:00,-0.02135803,-0.23180935
2017/12/15 21:00,-0.021215577,0.30728358
2017/12/15 22:00,-0.021045854,0.56277186
2017/12/15 23:00,-0.02092759,0.22016536
2017/12/16 0:00,-0.020674745,-0.14271572
2017/12/16 1:00,-0.020922968,-0.22222006
2017/12/16 2:00,-0.021060865,0.18045306
2017/12/16 3:00,-0.021098156,0.037225205
2017/12/16 4:00,-0.021176688,-0.21367078
2017/12/16 5:00,-0.020983977,-0.31138965
2017/12/16 6:00,0.5809266,0.72915024
2017/12/16 7:00,4.1992607,4.1528325
2017/12/16 8:00,9.221896,10.519275
2017/12/16 9:00,13.461914,13.482847
2017/12/16 10:00,16.461,16.346285
2017/12/16 11:00,18.261595,19.64503
2017/12/16 12:00,19.024168,18.424767
2017/12/16 13:00,18.76207,16.822376
2017/12/16 14:00,17.097366,16.259317
2017/12/16 15:00,13.6339035,14.133276
2017/12/16 16:00,9.438014,9.214108
2017/12/16 17:00,2.482196,4.04429
2017/12/16 18:00,2.1127684,-0.68157196
2017/12/16 19:00,0.21913163,0.28554916
2017/12/16 20:00,-0.021494215,-0.18219264
2017/12/16 21:00,-0.02127608,0.0024750717
2017/12/16 22:00,-0.02109519,-0.2869973
2017/12/16 23:00,-0.020959456,0.1604574
2017/12/17 0:00,-0.02071693,-0.68307906
2017/12/17 1:00,-0.020891301,0.012479126
2017/12/17 2:00,-0.020832812,-0.26901442
2017/12/17 3:00,-0.020794714,0.05359638
2017/12/17 4:00,-0.020863082,-0.01924314
2017/12/17 5:00,-0.020653637,0.11296244
2017/12/17 6:00,0.7096155,1.0519083
2017/12/17 7:00,4.189608,4.406074
2017/12/17 8:00,8.854881,8.693986
2017/12/17 9:00,13.002733,12.651796
2017/12/17 10:00,16.028713,16.275854
2017/12/17 11:00,18.149984,18.934385
2017/12/17 12:00,15.282559,19.511074
2017/12/17 13:00,15.429547,15.209369
2017/12/17 14:00,12.75521,14.356491
2017/12/17 15:00,9.228975,9.992883
2017/12/17 16:00,8.8766575,6.431415
2017/12/17 17:00,3.044833,4.7077956
2017/12/17 18:00,1.4617434,0.5760703
2017/12/17 19:00,0.23373488,-0.62040424
2017/12/17 20:00,-0.020924477,-0.9426775
2017/12/17 21:00,-0.02083927,0.12677094
2017/12/17 22:00,-0.020782255,-0.6052064
2017/12/17 23:00,-0.020578176,-0.10186252
2017/12/18 0:00,-0.020269409,-0.19823374
2017/12/18 1:00,-0.020503366,0.15783682
2017/12/18 2:00,-0.020407928,-0.43860254
2017/12/18 3:00,-0.020371934,-0.046936132
2017/12/18 4:00,-0.020344313,-0.09755799
2017/12/18 5:00,-0.020222833,0.0016405694
2017/12/18 6:00,0.89762515,0.585966
2017/12/18 7:00,1.7800695,4.6593704
2017/12/18 8:00,3.033996,6.800123
2017/12/18 9:00,5.577815,7.7664776
2017/12/18 10:00,13.517255,9.891095
2017/12/18 11:00,11.367894,14.98184
2017/12/18 12:00,15.523822,13.284809
2017/12/18 13:00,17.74144,13.942387
2017/12/18 14:00,16.825775,13.108875
2017/12/18 15:00,11.711517,11.783429
2017/12/18 16:00,5.6993923,7.1006527
2017/12/18 17:00,5.7106266,3.1322467
2017/12/18 18:00,1.7184609,2.2360842
2017/12/18 19:00,0.1580096,-0.031986102
2017/12/18 20:00,-0.021122254,0.7663534
2017/12/18 21:00,-0.02094287,0.23766187
2017/12/18 22:00,-0.020829579,0.39284238
2017/12/18 23:00,-0.020722834,0.14328162
2017/12/19 0:00,-0.020485155,-0.15562186
2017/12/19 1:00,-0.020781565,-0.18956739
2017/12/19 2:00,-0.020844107,0.14236741
2017/12/19 3:00,-0.020934133,-0.4260352
2017/12/19 4:00,-0.021010559,0.08237921
2017/12/19 5:00,-0.020765444,0.1979701
2017/12/19 6:00,0.6910945,1.1341767
2017/12/19 7:00,3.7547107,3.6351547
2017/12/19 8:00,8.041925,8.01692
2017/12/19 9:00,12.975258,11.071866
2017/12/19 10:00,15.695507,15.585203
2017/12/19 11:00,17.708683,17.386312
2017/12/19 12:00,19.162325,17.665155
2017/12/19 13:00,19.11032,18.19391
2017/12/19 14:00,17.916925,16.49994
2017/12/19 15:00,15.310894,13.941223
2017/12/19 16:00,10.818747,9.936867
2017/12/19 17:00,6.4271994,5.354015
2017/12/19 18:00,2.4248521,1.6190813
2017/12/19 19:00,0.16786277,0.954432
2017/12/19 20:00,-0.021123612,0.033711582
2017/12/19 21:00,-0.021034064,0.16324738
2017/12/19 22:00,-0.020947846,-0.0787132
2017/12/19 23:00,-0.020949634,-0.3461323
2017/12/20 0:00,-0.020682447,-0.39801338
2017/12/20 1:00,-0.020934291,-0.54819375
2017/12/20 2:00,-0.020968197,-0.2121313
2017/12/20 3:00,-0.020976646,-1.0364943
2017/12/20 4:00,-0.021040656,-0.29132923
2017/12/20 5:00,-0.020890241,0.22648141
2017/12/20 6:00,0.563471,0.9302919
2017/12/20 7:00,4.1640024,3.4157424
2017/12/20 8:00,9.42773,10.777346
2017/12/20 9:00,13.8136425,14.509096
2017/12/20 10:00,17.056616,17.207916
2017/12/20 11:00,19.03153,19.040129
2017/12/20 12:00,20.036182,19.48613
2017/12/20 13:00,19.675623,18.766302
2017/12/20 14:00,18.08276,17.727846
2017/12/20 15:00,15.539558,15.637172
2017/12/20 16:00,10.688015,10.17046
2017/12/20 17:00,6.196338,4.6220536
2017/12/20 18:00,1.7711194,1.8243064
2017/12/20 19:00,0.13775176,-0.09006491
2017/12/20 20:00,-0.02151794,0.0146077275
2017/12/20 21:00,-0.02147563,-0.13650928
2017/12/20 22:00,-0.021318149,0.05881762
2017/12/20 23:00,-0.021212464,0.10834466
2017/12/21 0:00,-0.021033812,-0.2728232
2017/12/21 1:00,-0.021282226,-0.44101888
2017/12/21 2:00,-0.021260304,-0.60382384
2017/12/21 3:00,-0.02133241,-0.4417089
2017/12/21 4:00,-0.02136877,-0.260368
2017/12/21 5:00,-0.021145143,0.016261782
2017/12/21 6:00,0.5647212,0.80271655
2017/12/21 7:00,4.2064066,4.0427866
2017/12/21 8:00,9.50283,9.395596
2017/12/21 9:00,13.991463,13.683326
2017/12/21 10:00,17.294268,16.568048
2017/12/21 11:00,19.266481,19.899534
2017/12/21 12:00,19.88396,19.561249
2017/12/21 13:00,19.421808,19.284306
2017/12/21 14:00,18.07112,18.570723
2017/12/21 15:00,15.573972,15.210358
2017/12/21 16:00,10.807301,10.301322
2017/12/21 17:00,6.3105054,4.529387
2017/12/21 18:00,1.8173429,1.8211128
2017/12/21 19:00,0.12902597,-0.74392045
2017/12/21 20:00,-0.021611545,-0.40248483
2017/12/21 21:00,-0.021525985,-0.38871804
2017/12/21 22:00,-0.021399047,-0.16843084
2017/12/21 23:00,-0.021274209,-0.20784919
2017/12/22 0:00,-0.021104874,-0.08385223
2017/12/22 1:00,-0.021364616,-0.39273983
2017/12/22 2:00,-0.021441925,-0.45960706
2017/12/22 3:00,-0.021485623,-0.40739965
2017/12/22 4:00,-0.021598794,-0.13779217
2017/12/22 5:00,-0.021403488,0.4683075
2017/12/22 6:00,0.5431029,0.31883955
2017/12/22 7:00,4.1570816,3.8073049
2017/12/22 8:00,9.389981,9.460127
2017/12/22 9:00,13.670454,14.4360285
2017/12/22 10:00,16.832638,16.69301
2017/12/22 11:00,18.58296,18.703451
2017/12/22 12:00,19.174696,19.667913
2017/12/22 13:00,18.454517,18.036499
2017/12/22 14:00,17.717924,16.867044
2017/12/22 15:00,15.468768,13.917641
2017/12/22 16:00,10.704537,10.300179
2017/12/22 17:00,6.2847238,4.772907
2017/12/22 18:00,1.8289052,2.0884871
2017/12/22 19:00,0.14042926,-0.30903187
2017/12/22 20:00,-0.02120771,-0.032252647
2017/12/22 21:00,-0.021233808,0.19756034
2017/12/22 22:00,-0.02112664,0.1776058
2017/12/22 23:00,-0.021007797,-0.06900309
2017/12/23 0:00,-0.02074182,-0.22115637
2017/12/23 1:00,-0.021019656,-0.10127713
2017/12/23 2:00,-0.02103692,-0.4534243
2017/12/23 3:00,-0.02112697,-0.38675883
2017/12/23 4:00,-0.02124535,0.17059349
2017/12/23 5:00,-0.021108925,-0.36514774
2017/12/23 6:00,0.53322697,0.72857106
2017/12/23 7:00,4.0259366,3.4094658
2017/12/23 8:00,9.012362,9.184046
2017/12/23 9:00,13.283987,12.5464735
2017/12/23 10:00,16.289295,15.811763
2017/12/23 11:00,18.183117,17.57699
2017/12/23 12:00,18.910065,18.524021
2017/12/23 13:00,18.474691,17.722343
2017/12/23 14:00,17.416098,16.894255
2017/12/23 15:00,14.965842,13.754345
2017/12/23 16:00,10.456234,9.900924
2017/12/23 17:00,6.0538926,5.3586397
2017/12/23 18:00,1.7828847,2.2426033
2017/12/23 19:00,0.13544486,0.072963044
2017/12/23 20:00,-0.021281134,-0.31202984
2017/12/23 21:00,-0.021155339,-0.08490221
2017/12/23 22:00,-0.021207184,-0.27031723
2017/12/23 23:00,-0.021160567,-0.013759096
2017/12/24 0:00,-0.020848269,-0.19060366
2017/12/24 1:00,-0.021054408,-0.12691252
2017/12/24 2:00,-0.021124257,-0.08359815
2017/12/24 3:00,-0.021227483,-0.5141959
2017/12/24 4:00,-0.021332148,0.10451093
2017/12/24 5:00,-0.021066941,0.013420742
2017/12/24 6:00,0.511073,0.6089805
2017/12/24 7:00,3.8295789,3.3020916
2017/12/24 8:00,8.70639,8.332983
2017/12/24 9:00,12.766358,13.215597
2017/12/24 10:00,15.83457,15.749872
2017/12/24 11:00,17.859808,17.63855
2017/12/24 12:00,18.536917,17.921503
2017/12/24 13:00,18.280756,17.560787
2017/12/24 14:00,17.125925,16.550924
2017/12/24 15:00,14.76016,13.596467
2017/12/24 16:00,10.3687725,9.462406
2017/12/24 17:00,4.85821,5.6835423
2017/12/24 18:00,1.1957948,1.2050738
2017/12/24 19:00,0.12952016,-0.3027893
2017/12/24 20:00,-0.02133024,-0.19579625
2017/12/24 21:00,-0.021135747,-0.1794749
2017/12/24 22:00,-0.021048065,-0.16275622
2017/12/24 23:00,-0.02096876,-0.24912089
2017/12/25 0:00,-0.020819351,-0.012565884
2017/12/25 1:00,-0.021045057,-0.18807276
2017/12/25 2:00,-0.021033809,-0.23442121
2017/12/25 3:00,-0.02105814,-0.2608637
2017/12/25 4:00,-0.021140438,-0.0356878
2017/12/25 5:00,-0.021013135,-0.19449094
2017/12/25 6:00,0.5192887,0.43378592
2017/12/25 7:00,3.7541053,3.2554297
2017/12/25 8:00,8.741474,8.461392
2017/12/25 9:00,13.120314,12.042107
2017/12/25 10:00,16.436625,15.122022
2017/12/25 11:00,18.252323,17.190462
2017/12/25 12:00,18.565582,18.297997
2017/12/25 13:00,18.201536,17.61685
2017/12/25 14:00,16.77098,15.594869
2017/12/25 15:00,11.667092,13.189417
2017/12/25 16:00,9.9091,8.744665
2017/12/25 17:00,4.101683,4.973481
2017/12/25 18:00,1.8733093,0.92712516
2017/12/25 19:00,0.21175325,-0.20108724
2017/12/25 20:00,-0.021477088,-0.3195279
2017/12/25 21:00,-0.021380499,-0.09809232
2017/12/25 22:00,-0.021232285,-0.25511685
2017/12/25 23:00,-0.021055229,-0.0259478
2017/12/26 0:00,-0.02085516,-0.25026926
2017/12/26 1:00,-0.020995563,-0.19419077
2017/12/26 2:00,-0.020960875,-0.4104263
2017/12/26 3:00,-0.020981167,-0.3902986
2017/12/26 4:00,-0.021036558,-0.25970536
2017/12/26 5:00,-0.020979203,-0.11020255
2017/12/26 6:00,0.4431722,0.5614298
2017/12/26 7:00,3.2879536,3.5795484
2017/12/26 8:00,8.326607,8.005622
2017/12/26 9:00,11.624677,11.839204
2017/12/26 10:00,14.5901575,14.027576
2017/12/26 11:00,17.520927,15.625738
2017/12/26 12:00,19.20716,17.312103
2017/12/26 13:00,15.983525,17.579998
2017/12/26 14:00,16.42825,14.306
2017/12/26 15:00,8.136895,13.135742
2017/12/26 16:00,7.9245453,6.8552046
2017/12/26 17:00,3.9028554,4.023801
2017/12/26 18:00,2.408447,1.071033
2017/12/26 19:00,0.14142258,0.08725792
2017/12/26 20:00,-0.021336688,-0.15020631
2017/12/26 21:00,-0.021152323,-0.20265162
2017/12/26 22:00,-0.021044299,-0.1558336
2017/12/26 23:00,-0.020895824,0.041878488
2017/12/27 0:00,-0.020646483,-0.33193833
2017/12/27 1:00,-0.020959215,-0.087215155
2017/12/27 2:00,-0.020978456,-0.4293732
2017/12/27 3:00,-0.021020394,-0.55331534
2017/12/27 4:00,-0.020983862,-0.21297826
2017/12/27 5:00,-0.020889383,-0.044781376
2017/12/27 6:00,0.32085413,0.31154576
2017/12/27 7:00,1.0529342,3.2583637
2017/12/27 8:00,4.495567,5.9284496
2017/12/27 9:00,3.0768442,8.872344
2017/12/27 10:00,9.657452,6.9250636
2017/12/27 11:00,7.5073714,12.013455
2017/12/27 12:00,6.4943237,8.630819
2017/12/27 13:00,10.706528,8.302729
2017/12/27 14:00,7.796006,9.059171
2017/12/27 15:00,3.3433948,7.0620413
2017/12/27 16:00,6.8554344,3.6471193
2017/12/27 17:00,1.5795734,3.6107001
2017/12/27 18:00,0.22196123,0.90255594
2017/12/27 19:00,-0.009355292,-0.3876967
2017/12/27 20:00,-0.021827728,-0.10523042
2017/12/27 21:00,-0.021610994,-0.29783335
2017/12/27 22:00,-0.021506866,-0.06839278
2017/12/27 23:00,-0.02131109,0.11009836
2017/12/28 0:00,-0.0210078,-0.36652902
2017/12/28 1:00,-0.021242,-0.1155334
2017/12/28 2:00,-0.021338327,-0.32379755
2017/12/28 3:00,-0.021295644,-0.44878098
2017/12/28 4:00,-0.02125431,0.13032319
2017/12/28 5:00,-0.021168826,-0.3272676
2017/12/28 6:00,0.08758043,0.27718672
2017/12/28 7:00,0.8895642,1.8215023
2017/12/28 8:00,3.2877266,4.325057
2017/12/28 9:00,8.886727,6.3105216
2017/12/28 10:00,10.318829,11.536981
2017/12/28 11:00,12.144823,11.576934
2017/12/28 12:00,7.245436,13.067741
2017/12/28 13:00,15.483115,9.451946
2017/12/28 14:00,13.464023,11.757875
2017/12/28 15:00,12.576977,11.052685
2017/12/28 16:00,9.222694,7.723562
2017/12/28 17:00,5.779401,4.1424994
2017/12/28 18:00,1.8830917,1.5410864
2017/12/28 19:00,0.1517863,-0.1480229
2017/12/28 20:00,-0.021418575,0.08592896
2017/12/28 21:00,-0.021261305,0.2455641
2017/12/28 22:00,-0.021071741,-0.55774194
2017/12/28 23:00,-0.020954365,-0.030566204
2017/12/29 0:00,-0.020703834,-0.29309538
2017/12/29 1:00,-0.021096947,-0.8837156
2017/12/29 2:00,-0.021155734,0.2640203
2017/12/29 3:00,-0.021242432,-0.034026273
2017/12/29 4:00,-0.021345533,-0.10935809
2017/12/29 5:00,-0.021206945,0.058207314
2017/12/29 6:00,0.6058949,0.66191435
2017/12/29 7:00,3.6319683,3.4944441
2017/12/29 8:00,7.4076304,8.342793
2017/12/29 9:00,9.708241,11.41007
2017/12/29 10:00,10.4473295,13.877487
2017/12/29 11:00,13.96557,12.057768
2017/12/29 12:00,14.780489,14.312146
2017/12/29 13:00,10.436606,14.293674
2017/12/29 14:00,11.449948,8.708782
2017/12/29 15:00,8.070238,10.040562
2017/12/29 16:00,2.8191257,5.9619246
2017/12/29 17:00,0.28452244,2.1304288
2017/12/29 18:00,0.11143558,0.15034623
2017/12/29 19:00,-0.0036493633,-0.165951
2017/12/29 20:00,-0.021540489,-0.0129221035
2017/12/29 21:00,-0.021403298,0.09768048
2017/12/29 22:00,-0.02126959,0.004842814
2017/12/29 23:00,-0.02133982,-0.011915719
2017/12/30 0:00,-0.021092676,-0.4429021
2017/12/30 1:00,-0.021349804,-0.2631729
2017/12/30 2:00,-0.021263212,-0.5173122
2017/12/30 3:00,-0.021168398,-0.021884898
2017/12/30 4:00,-0.021276474,-0.30644742
2017/12/30 5:00,-0.021268021,0.124179006
2017/12/30 6:00,0.36124936,0.0641111
2017/12/30 7:00,3.8225436,2.7209678
2017/12/30 8:00,5.7364264,7.4732003
2017/12/30 9:00,8.301086,8.366083
2017/12/30 10:00,11.845101,10.313361
2017/12/30 11:00,16.254444,13.638749
2017/12/30 12:00,16.558365,17.158401
2017/12/30 13:00,16.181318,15.12059
2017/12/30 14:00,11.844725,15.218608
2017/12/30 15:00,13.121434,10.110996
2017/12/30 16:00,11.163619,7.934636
2017/12/30 17:00,5.3064256,3.9259698
2017/12/30 18:00,2.2040665,1.138726
2017/12/30 19:00,0.26116112,0.4259497
2017/12/30 20:00,-0.0217405,0.036349602
2017/12/30 21:00,-0.021507721,0.07776952
2017/12/30 22:00,-0.021439863,-0.23161256
2017/12/30 23:00,-0.021319278,-0.09970029
2017/12/31 0:00,-0.021062015,-0.40573317
2017/12/31 1:00,-0.021298686,-0.31029359
2017/12/31 2:00,-0.02123818,-0.15930612
2017/12/31 3:00,-0.02127976,-0.28923425
2017/12/31 4:00,-0.021309035,-0.4762423
2017/12/31 5:00,-0.021231666,0.24780354
2017/12/31 6:00,0.02050903,0.7107352
2017/12/31 7:00,0.53053516,3.9652941
2017/12/31 8:00,0.902734,5.5569363
2017/12/31 9:00,3.7373638,5.4390807
2017/12/31 10:00,4.070729,6.7332277
2017/12/31 11:00,9.910764,7.1071444
2017/12/31 12:00,18.667307,11.673838
2017/12/31 13:00,16.260155,15.555679
2017/12/31 14:00,16.476244,14.050628
2017/12/31 15:00,15.531783,12.361029
2017/12/31 16:00,10.845869,10.902691
2017/12/31 17:00,6.366725,6.0484085
2017/12/31 18:00,2.6343758,2.507667
2017/12/31 19:00,0.086145,-0.21152225
2017/12/31 20:00,-0.021351157,-0.10926281
2017/12/31 21:00,-0.02122623,0.4266148
2017/12/31 22:00,-0.021163829,0.03683162
2017/12/31 23:00,-0.021137591,0.43123692
