DateTime,sample_idx,step,actual,predicted
2018/11/26 4:00,0,1,-0.021622684,0.008420728
2018/11/26 5:00,1,1,-0.021460602,0.007101264
2018/11/26 6:00,2,1,0.85092986,0.096928656
2018/11/26 7:00,3,1,4.604246,5.313304
2018/11/26 8:00,4,1,9.432875,11.648308
2018/11/26 9:00,5,1,13.625878,15.403433
2018/11/26 10:00,6,1,15.475401,18.360018
2018/11/26 11:00,7,1,15.1170635,19.555428
2018/11/26 12:00,8,1,14.664568,18.76355
2018/11/26 13:00,9,1,11.424666,17.22003
2018/11/26 14:00,10,1,11.571169,14.301344
2018/11/26 15:00,11,1,7.5684705,10.529906
2018/11/26 16:00,12,1,5.5000176,7.068285
2018/11/26 17:00,13,1,3.8221502,3.0438437
2018/11/26 18:00,14,1,1.2772222,0.24415359
2018/11/26 19:00,15,1,0.028800357,0.004150111
2018/11/26 20:00,16,1,-0.021682173,0.005026195
2018/11/26 21:00,17,1,-0.02154628,0.008217506
2018/11/26 22:00,18,1,-0.021434689,0.0100572
2018/11/26 23:00,19,1,-0.021394858,0.009909026
2018/11/27 0:00,20,1,-0.02093884,0.011103071
2018/11/27 1:00,21,1,-0.021445928,0.013751984
2018/11/27 2:00,22,1,-0.021636747,0.016496576
2018/11/27 3:00,23,1,-0.021760063,0.016694672
2018/11/27 4:00,24,1,-0.021881105,0.015796516
2018/11/27 5:00,25,1,-0.019798124,0.0071241558
2018/11/27 6:00,26,1,0.850477,0.14251612
2018/11/27 7:00,27,1,5.1556845,5.4713163
2018/11/27 8:00,28,1,10.702504,12.790184
2018/11/27 9:00,29,1,15.19195,16.053802
2018/11/27 10:00,30,1,18.448519,18.585272
2018/11/27 11:00,31,1,20.333927,19.686882
2018/11/27 12:00,32,1,20.82337,19.899826
2018/11/27 13:00,33,1,20.179586,19.282995
2018/11/27 14:00,34,1,18.598186,18.23811
2018/11/27 15:00,35,1,15.672516,15.999641
2018/11/27 16:00,36,1,10.260117,12.830219
2018/11/27 17:00,37,1,5.6245666,6.5154333
2018/11/27 18:00,38,1,1.1989131,1.3239605
2018/11/27 19:00,39,1,0.026263554,0.015000146
2018/11/27 20:00,40,1,-0.022445342,0.0019417629
2018/11/27 21:00,41,1,-0.022265589,0.003313303
2018/11/27 22:00,42,1,-0.022142833,0.0055084936
2018/11/27 23:00,43,1,-0.022125835,0.0070471987
2018/11/28 0:00,44,1,-0.021811338,0.009692967
2018/11/28 1:00,45,1,-0.022099867,0.007815499
2018/11/28 2:00,46,1,-0.022131762,0.0049446225
2018/11/28 3:00,47,1,-0.022279708,0.004438605
2018/11/28 4:00,48,1,-0.022428736,0.0052847676
2018/11/28 5:00,49,1,-0.02127456,0.010624256
2018/11/28 6:00,50,1,0.8287416,0.17028603
2018/11/28 7:00,51,1,5.1626215,6.4923496
2018/11/28 8:00,52,1,10.547372,12.802231
2018/11/28 9:00,53,1,14.876561,16.448648
2018/11/28 10:00,54,1,17.80231,19.029312
2018/11/28 11:00,55,1,19.631334,20.328344
2018/11/28 12:00,56,1,20.075743,20.650015
2018/11/28 13:00,57,1,19.498276,19.892174
2018/11/28 14:00,58,1,17.802246,17.899843
2018/11/28 15:00,59,1,15.139175,15.189237
2018/11/28 16:00,60,1,9.957728,11.445771
2018/11/28 17:00,61,1,5.4688005,5.8091474
2018/11/28 18:00,62,1,1.1833278,1.3103896
2018/11/28 19:00,63,1,0.028088313,0.030453835
2018/11/28 20:00,64,1,-0.021609241,0.008134261
2018/11/28 21:00,65,1,-0.021464536,0.007458791
2018/11/28 22:00,66,1,-0.02143373,0.0068981536
2018/11/28 23:00,67,1,-0.02147018,0.0066719055
2018/11/29 0:00,68,1,-0.0213318,0.006072417
2018/11/29 1:00,69,1,-0.021561954,0.0044699796
2018/11/29 2:00,70,1,-0.021578513,0.0044116788
2018/11/29 3:00,71,1,-0.021621702,0.0045694076
2018/11/29 4:00,72,1,-0.021718455,0.005651869
2018/11/29 5:00,73,1,-0.020273298,0.017673165
2018/11/29 6:00,74,1,0.8409209,1.0631047
2018/11/29 7:00,75,1,4.7596164,6.0545244
2018/11/29 8:00,76,1,10.204305,11.981396
2018/11/29 9:00,77,1,13.78911,15.881392
2018/11/29 10:00,78,1,16.038864,18.62937
2018/11/29 11:00,79,1,18.190048,19.693563
2018/11/29 12:00,80,1,18.85959,19.926918
2018/11/29 13:00,81,1,16.062017,19.201687
2018/11/29 14:00,82,1,13.4308,15.7971525
2018/11/29 15:00,83,1,10.449237,10.774739
2018/11/29 16:00,84,1,5.912202,7.1991844
2018/11/29 17:00,85,1,4.6687894,3.2550151
2018/11/29 18:00,86,1,1.7195508,0.25154662
2018/11/29 19:00,87,1,0.085742265,0.006157115
2018/11/29 20:00,88,1,-0.021789258,0.0043022223
2018/11/29 21:00,89,1,-0.021643838,0.004560545
2018/11/29 22:00,90,1,-0.02154524,0.005798679
2018/11/29 23:00,91,1,-0.021458821,0.005561482
2018/11/30 0:00,92,1,-0.021162456,0.0072460286
2018/11/30 1:00,93,1,-0.021312822,0.010989577
2018/11/30 2:00,94,1,-0.021268893,0.013711963
2018/11/30 3:00,95,1,-0.021265239,0.014109857
2018/11/30 4:00,96,1,-0.021267738,0.015585888
2018/11/30 5:00,97,1,-0.02121539,0.006797619
2018/11/30 6:00,98,1,0.3255715,0.07377517
2018/11/30 7:00,99,1,2.7704422,3.6964285
2018/11/30 8:00,100,1,5.7713833,5.463202
2018/11/30 9:00,101,1,8.2656555,12.540166
2018/11/30 10:00,102,1,10.971628,14.640308
2018/11/30 11:00,103,1,17.13093,16.530043
2018/11/30 12:00,104,1,18.36455,17.192476
2018/11/30 13:00,105,1,17.669254,18.111412
2018/11/30 14:00,106,1,15.996565,16.40813
2018/11/30 15:00,107,1,12.738068,14.014754
2018/11/30 16:00,108,1,8.772006,10.155573
2018/11/30 17:00,109,1,5.373212,5.328027
2018/11/30 18:00,110,1,1.1348593,0.91630983
2018/11/30 19:00,111,1,0.01805991,0.009935584
2018/11/30 20:00,112,1,-0.021816889,0.0041087456
2018/11/30 21:00,113,1,-0.021861302,0.007175382
2018/11/30 22:00,114,1,-0.021989092,0.009857442
2018/11/30 23:00,115,1,-0.021895133,0.011267845
2018/12/1 0:00,116,1,-0.02175031,0.012955394
2018/12/1 1:00,117,1,-0.021966325,0.013235789
2018/12/1 2:00,118,1,-0.02196524,0.012823373
2018/12/1 3:00,119,1,-0.021918545,0.011303265
2018/12/1 4:00,120,1,-0.02185896,0.007235829
2018/12/1 5:00,121,1,-0.021601973,0.0072079264
2018/12/1 6:00,122,1,0.6804179,0.1308764
2018/12/1 7:00,123,1,2.689229,5.0949874
2018/12/1 8:00,124,1,7.560359,8.095627
2018/12/1 9:00,125,1,11.538909,14.470587
2018/12/1 10:00,126,1,14.4000435,16.955267
2018/12/1 11:00,127,1,14.33421,18.308758
2018/12/1 12:00,128,1,12.008121,17.294292
2018/12/1 13:00,129,1,13.461625,14.545612
2018/12/1 14:00,130,1,18.24515,11.905167
2018/12/1 15:00,131,1,15.006929,14.63794
2018/12/1 16:00,132,1,9.552813,11.507115
2018/12/1 17:00,133,1,3.463014,6.07505
2018/12/1 18:00,134,1,1.139374,0.426466
2018/12/1 19:00,135,1,-0.01422637,0.009150885
2018/12/1 20:00,136,1,-0.021810465,0.0054446347
2018/12/1 21:00,137,1,-0.021618094,0.0074654706
2018/12/1 22:00,138,1,-0.021485934,0.010093797
2018/12/1 23:00,139,1,-0.021525562,0.011215992
2018/12/2 0:00,140,1,-0.02155281,0.011442468
2018/12/2 1:00,141,1,-0.021599025,0.01417416
2018/12/2 2:00,142,1,-0.021528369,0.016035408
2018/12/2 3:00,143,1,-0.021473141,0.018071465
2018/12/2 4:00,144,1,-0.02141529,0.015937727
2018/12/2 5:00,145,1,-0.021178622,0.009291697
2018/12/2 6:00,146,1,0.92395854,0.06307058
2018/12/2 7:00,147,1,3.2448685,5.068067
2018/12/2 8:00,148,1,6.3153434,8.990081
2018/12/2 9:00,149,1,11.284733,13.350278
2018/12/2 10:00,150,1,7.9518247,16.619514
2018/12/2 11:00,151,1,11.951665,15.613964
2018/12/2 12:00,152,1,19.247292,16.721167
2018/12/2 13:00,153,1,18.25356,17.839367
2018/12/2 14:00,154,1,16.555655,16.462872
2018/12/2 15:00,155,1,13.297652,14.185225
2018/12/2 16:00,156,1,8.418037,10.754198
2018/12/2 17:00,157,1,4.2243648,5.465873
2018/12/2 18:00,158,1,1.1333054,0.69405997
2018/12/2 19:00,159,1,-0.016421204,0.007166885
2018/12/2 20:00,160,1,-0.021863444,0.006472841
2018/12/2 21:00,161,1,-0.021781748,0.009426184
2018/12/2 22:00,162,1,-0.02200214,0.010867208
2018/12/2 23:00,163,1,-0.022001602,0.01221323
2018/12/3 0:00,164,1,-0.021503815,0.012510516
2018/12/3 1:00,165,1,-0.021724768,0.012171011
2018/12/3 2:00,166,1,-0.021682255,0.010425508
2018/12/3 3:00,167,1,-0.02163001,0.012997068
2018/12/3 4:00,168,1,-0.02163914,0.013659321
2018/12/3 5:00,169,1,-0.021664558,0.010796793
2018/12/3 6:00,170,1,0.017481185,0.03134604
2018/12/3 7:00,171,1,1.2680525,4.0677605
2018/12/3 8:00,172,1,6.3897195,6.441851
2018/12/3 9:00,173,1,9.559594,13.189599
2018/12/3 10:00,174,1,8.966884,15.512641
2018/12/3 11:00,175,1,16.772781,15.2850275
2018/12/3 12:00,176,1,20.050943,17.57041
2018/12/3 13:00,177,1,19.344048,19.205286
2018/12/3 14:00,178,1,17.729412,17.306444
2018/12/3 15:00,179,1,13.625897,15.095248
2018/12/3 16:00,180,1,6.708398,11.435362
2018/12/3 17:00,181,1,4.256466,4.457782
2018/12/3 18:00,182,1,1.4689775,0.6475929
2018/12/3 19:00,183,1,0.04187614,0.009250976
2018/12/3 20:00,184,1,-0.022054113,0.0053380355
2018/12/3 21:00,185,1,-0.02188956,0.0077896714
2018/12/3 22:00,186,1,-0.02177742,0.008795731
2018/12/3 23:00,187,1,-0.021621007,0.011410121
2018/12/4 0:00,188,1,-0.021335075,0.012284022
2018/12/4 1:00,189,1,-0.02154668,0.01183594
2018/12/4 2:00,190,1,-0.02149297,0.012743954
2018/12/4 3:00,191,1,-0.02147423,0.014332831
2018/12/4 4:00,192,1,-0.021504978,0.01282746
2018/12/4 5:00,193,1,-0.021494666,0.009454098
2018/12/4 6:00,194,1,0.11657794,0.030362766
2018/12/4 7:00,195,1,0.44288585,4.4782567
2018/12/4 8:00,196,1,1.9016869,4.558728
2018/12/4 9:00,197,1,5.327183,5.399576
2018/12/4 10:00,198,1,5.2932887,13.304683
2018/12/4 11:00,199,1,3.8539894,13.238461
2018/12/4 12:00,200,1,7.0098805,8.833755
2018/12/4 13:00,201,1,9.979684,10.760715
2018/12/4 14:00,202,1,5.6972713,10.3765
2018/12/4 15:00,203,1,11.92433,5.9416695
2018/12/4 16:00,204,1,10.1628065,5.718084
2018/12/4 17:00,205,1,5.6109447,5.6900883
2018/12/4 18:00,206,1,1.2805854,1.4860183
2018/12/4 19:00,207,1,0.048692103,0.015441928
2018/12/4 20:00,208,1,-0.022025034,0.006031178
2018/12/4 21:00,209,1,-0.021969527,0.00826747
2018/12/4 22:00,210,1,-0.02184086,0.00958582
2018/12/4 23:00,211,1,-0.021666028,0.010119267
2018/12/5 0:00,212,1,-0.02124507,0.010952275
2018/12/5 1:00,213,1,-0.021748537,0.013837684
2018/12/5 2:00,214,1,-0.021671742,0.017445799
2018/12/5 3:00,215,1,-0.021618405,0.01963475
2018/12/5 4:00,216,1,-0.02165084,0.020242441
2018/12/5 5:00,217,1,-0.021584509,0.016043428
2018/12/5 6:00,218,1,0.26164863,0.010494459
2018/12/5 7:00,219,1,1.1499975,3.429397
2018/12/5 8:00,220,1,6.947228,4.4079523
2018/12/5 9:00,221,1,10.312198,13.221067
2018/12/5 10:00,222,1,16.399641,16.40311
2018/12/5 11:00,223,1,17.906576,19.150131
2018/12/5 12:00,224,1,19.114788,20.231903
2018/12/5 13:00,225,1,18.797596,19.854076
2018/12/5 14:00,226,1,17.429623,17.363424
2018/12/5 15:00,227,1,14.84092,15.043386
2018/12/5 16:00,228,1,9.775293,12.113717
2018/12/5 17:00,229,1,4.7338357,6.7439857
2018/12/5 18:00,230,1,0.3640568,1.3214562
2018/12/5 19:00,231,1,-0.0073986016,0.0128844455
2018/12/5 20:00,232,1,-0.021765355,0.003844604
2018/12/5 21:00,233,1,-0.021731183,0.004095923
2018/12/5 22:00,234,1,-0.021573057,0.005006779
2018/12/5 23:00,235,1,-0.021482864,0.006373778
2018/12/6 0:00,236,1,-0.021173801,0.0075436793
2018/12/6 1:00,237,1,-0.021319533,0.00958233
2018/12/6 2:00,238,1,-0.021367358,0.011573251
2018/12/6 3:00,239,1,-0.021605946,0.0127409175
2018/12/6 4:00,240,1,-0.021746606,0.012623113
2018/12/6 5:00,241,1,-0.021559592,0.0078069307
2018/12/6 6:00,242,1,0.91006374,0.014452696
2018/12/6 7:00,243,1,4.400495,2.6022718
2018/12/6 8:00,244,1,5.946304,10.26466
2018/12/6 9:00,245,1,9.908146,13.105248
2018/12/6 10:00,246,1,14.879178,15.89562
2018/12/6 11:00,247,1,16.863678,18.383924
2018/12/6 12:00,248,1,19.060118,19.419113
2018/12/6 13:00,249,1,18.586805,19.268824
2018/12/6 14:00,250,1,17.009752,17.302097
2018/12/6 15:00,251,1,14.462058,14.972074
2018/12/6 16:00,252,1,9.636592,11.725055
2018/12/6 17:00,253,1,5.4527707,6.3777537
2018/12/6 18:00,254,1,1.2968038,1.4525497
2018/12/6 19:00,255,1,0.022725817,0.016764674
2018/12/6 20:00,256,1,-0.021822505,0.0044570304
2018/12/6 21:00,257,1,-0.021728685,0.004498545
2018/12/6 22:00,258,1,-0.021602208,0.008118384
2018/12/6 23:00,259,1,-0.021512527,0.0095883235
2018/12/7 0:00,260,1,-0.02130735,0.011451706
2018/12/7 1:00,261,1,-0.021539103,0.01248461
2018/12/7 2:00,262,1,-0.021656187,0.011824593
2018/12/7 3:00,263,1,-0.021680828,0.015816815
2018/12/7 4:00,264,1,-0.021724738,0.017376926
2018/12/7 5:00,265,1,-0.021587947,0.013246313
2018/12/7 6:00,266,1,1.0376536,0.009077102
2018/12/7 7:00,267,1,4.99701,2.023179
2018/12/7 8:00,268,1,9.19034,10.061895
2018/12/7 9:00,269,1,13.949088,14.635502
2018/12/7 10:00,270,1,16.834589,18.370003
2018/12/7 11:00,271,1,17.198881,19.665035
2018/12/7 12:00,272,1,16.664291,19.53619
2018/12/7 13:00,273,1,19.447577,15.898595
2018/12/7 14:00,274,1,13.499052,17.14925
2018/12/7 15:00,275,1,6.787598,12.063618
2018/12/7 16:00,276,1,4.393213,5.9291267
2018/12/7 17:00,277,1,6.5097094,2.5991886
2018/12/7 18:00,278,1,1.2119246,0.6086457
2018/12/7 19:00,279,1,0.040403996,0.011651475
2018/12/7 20:00,280,1,-0.021881923,0.0038554817
2018/12/7 21:00,281,1,-0.021742297,0.0047467314
2018/12/7 22:00,282,1,-0.021548359,0.005271595
2018/12/7 23:00,283,1,-0.021423299,0.0070476346
2018/12/8 0:00,284,1,-0.021163113,0.007816456
2018/12/8 1:00,285,1,-0.021476243,0.007654574
2018/12/8 2:00,286,1,-0.021632792,0.01150332
2018/12/8 3:00,287,1,-0.02155072,0.013018336
2018/12/8 4:00,288,1,-0.021538379,0.015452206
2018/12/8 5:00,289,1,-0.019219363,0.013447821
2018/12/8 6:00,290,1,0.75294054,0.010324713
2018/12/8 7:00,291,1,4.606788,2.053401
2018/12/8 8:00,292,1,9.466582,10.265533
2018/12/8 9:00,293,1,13.445999,15.317452
2018/12/8 10:00,294,1,16.345192,17.965641
2018/12/8 11:00,295,1,18.137867,19.512205
2018/12/8 12:00,296,1,18.832981,19.970978
2018/12/8 13:00,297,1,18.350853,18.88694
2018/12/8 14:00,298,1,16.993269,17.067307
2018/12/8 15:00,299,1,14.565037,14.784194
2018/12/8 16:00,300,1,10.05854,11.790563
2018/12/8 17:00,301,1,5.9207354,6.570303
2018/12/8 18:00,302,1,1.5928346,1.6175143
2018/12/8 19:00,303,1,0.04612537,0.01603067
2018/12/8 20:00,304,1,-0.021812923,0.004233733
2018/12/8 21:00,305,1,-0.021623434,0.005876366
2018/12/8 22:00,306,1,-0.021486707,0.007359095
2018/12/8 23:00,307,1,-0.021239055,0.008535229
2018/12/9 0:00,308,1,-0.02091818,0.008847404
2018/12/9 1:00,309,1,-0.021212801,0.009735815
2018/12/9 2:00,310,1,-0.021350112,0.007841047
2018/12/9 3:00,311,1,-0.021447666,0.009309415
2018/12/9 4:00,312,1,-0.021456921,0.008603323
2018/12/9 5:00,313,1,-0.021257792,0.0068967715
2018/12/9 6:00,314,1,0.73155063,0.02667411
2018/12/9 7:00,315,1,4.6068273,1.4033359
2018/12/9 8:00,316,1,9.523037,10.008353
2018/12/9 9:00,317,1,13.497731,15.0471525
2018/12/9 10:00,318,1,16.397642,18.366888
2018/12/9 11:00,319,1,18.163624,19.653385
2018/12/9 12:00,320,1,18.871502,19.996468
2018/12/9 13:00,321,1,15.821677,19.095003
2018/12/9 14:00,322,1,17.5169,15.91969
2018/12/9 15:00,323,1,14.834311,14.786224
2018/12/9 16:00,324,1,9.763792,11.634038
2018/12/9 17:00,325,1,5.490895,6.650024
2018/12/9 18:00,326,1,1.4378532,1.7494835
2018/12/9 19:00,327,1,0.08367939,0.024472173
2018/12/9 20:00,328,1,-0.022028757,0.0046344735
2018/12/9 21:00,329,1,-0.0218782,0.00521715
2018/12/9 22:00,330,1,-0.021694364,0.00699709
2018/12/9 23:00,331,1,-0.021626076,0.0075986274
2018/12/10 0:00,332,1,-0.021362016,0.010868475
2018/12/10 1:00,333,1,-0.021564987,0.013803419
2018/12/10 2:00,334,1,-0.021481171,0.017210826
2018/12/10 3:00,335,1,-0.021471849,0.017804287
2018/12/10 4:00,336,1,-0.021421881,0.016486913
2018/12/10 5:00,337,1,-0.021317223,0.0099353045
2018/12/10 6:00,338,1,0.29347852,0.0155589245
2018/12/10 7:00,339,1,1.9756763,1.0301653
2018/12/10 8:00,340,1,6.614365,7.409906
2018/12/10 9:00,341,1,13.257994,13.3818245
2018/12/10 10:00,342,1,16.319859,17.887136
2018/12/10 11:00,343,1,18.87345,19.522045
2018/12/10 12:00,344,1,19.134548,20.262074
2018/12/10 13:00,345,1,18.791428,19.2897
2018/12/10 14:00,346,1,17.454737,17.3547
2018/12/10 15:00,347,1,12.893535,14.85211
2018/12/10 16:00,348,1,8.39482,10.495303
2018/12/10 17:00,349,1,4.5659924,4.9663773
2018/12/10 18:00,350,1,1.146057,0.6865916
2018/12/10 19:00,351,1,0.12626466,0.008041568
2018/12/10 20:00,352,1,-0.021955384,0.0040868856
2018/12/10 21:00,353,1,-0.021891352,0.004217807
2018/12/10 22:00,354,1,-0.021683248,0.0053378455
2018/12/10 23:00,355,1,-0.021514805,0.0055658743
2018/12/11 0:00,356,1,-0.021253223,0.009223498
2018/12/11 1:00,357,1,-0.021517443,0.010699935
2018/12/11 2:00,358,1,-0.021535065,0.012072612
2018/12/11 3:00,359,1,-0.021486856,0.012544535
2018/12/11 4:00,360,1,-0.021501219,0.012989413
2018/12/11 5:00,361,1,-0.021366376,0.00946755
2018/12/11 6:00,362,1,0.6275127,0.01557868
2018/12/11 7:00,363,1,4.267337,0.9127425
2018/12/11 8:00,364,1,9.881263,10.10616
2018/12/11 9:00,365,1,13.836174,15.544931
2018/12/11 10:00,366,1,16.562325,18.782463
2018/12/11 11:00,367,1,18.105736,20.118969
2018/12/11 12:00,368,1,18.803715,20.29385
2018/12/11 13:00,369,1,18.150349,19.227903
2018/12/11 14:00,370,1,16.739428,16.66972
2018/12/11 15:00,371,1,9.9768505,14.206979
2018/12/11 16:00,372,1,6.442999,8.481818
2018/12/11 17:00,373,1,3.3052459,3.7209396
2018/12/11 18:00,374,1,1.2137955,0.3729824
2018/12/11 19:00,375,1,0.070443004,0.008517552
2018/12/11 20:00,376,1,-0.021691285,0.0033070631
2018/12/11 21:00,377,1,-0.021542622,0.005277794
2018/12/11 22:00,378,1,-0.021421313,0.007261101
2018/12/11 23:00,379,1,-0.021270521,0.007655069
2018/12/12 0:00,380,1,-0.02095564,0.01099015
2018/12/12 1:00,381,1,-0.021199323,0.013392232
2018/12/12 2:00,382,1,-0.021096136,0.013745733
2018/12/12 3:00,383,1,-0.0211198,0.014627218
2018/12/12 4:00,384,1,-0.021127792,0.013938051
2018/12/12 5:00,385,1,-0.021063657,0.0078017004
2018/12/12 6:00,386,1,0.24950168,0.06607917
2018/12/12 7:00,387,1,3.630632,3.0706475
2018/12/12 8:00,388,1,8.950354,10.022497
2018/12/12 9:00,389,1,11.140324,15.291204
2018/12/12 10:00,390,1,14.791494,17.087746
2018/12/12 11:00,391,1,18.784212,18.509298
2018/12/12 12:00,392,1,15.991259,19.32986
2018/12/12 13:00,393,1,18.2491,16.959269
2018/12/12 14:00,394,1,17.115463,16.60967
2018/12/12 15:00,395,1,15.41375,14.221212
2018/12/12 16:00,396,1,9.867643,11.512986
2018/12/12 17:00,397,1,5.569172,5.860044
2018/12/12 18:00,398,1,1.386644,1.2478372
2018/12/12 19:00,399,1,0.041029084,0.015052345
2018/12/12 20:00,400,1,-0.021885391,0.0049481913
2018/12/12 21:00,401,1,-0.021862388,0.007789761
2018/12/12 22:00,402,1,-0.021819068,0.009628691
2018/12/12 23:00,403,1,-0.021604683,0.009410623
2018/12/13 0:00,404,1,-0.021480657,0.010882016
2018/12/13 1:00,405,1,-0.021787861,0.010691013
2018/12/13 2:00,406,1,-0.021771114,0.014320437
2018/12/13 3:00,407,1,-0.0218581,0.015069801
2018/12/13 4:00,408,1,-0.0218944,0.012891587
2018/12/13 5:00,409,1,-0.021736233,0.008151915
2018/12/13 6:00,410,1,0.7494145,0.029297236
2018/12/13 7:00,411,1,4.5538197,3.9250872
2018/12/13 8:00,412,1,9.865843,10.849181
2018/12/13 9:00,413,1,14.309229,15.825315
2018/12/13 10:00,414,1,17.435474,18.309696
2018/12/13 11:00,415,1,19.260788,19.873302
2018/12/13 12:00,416,1,20.124886,20.402853
2018/12/13 13:00,417,1,19.617823,19.762383
2018/12/13 14:00,418,1,18.113543,17.696772
2018/12/13 15:00,419,1,15.505948,15.306073
2018/12/13 16:00,420,1,10.443893,11.9448395
2018/12/13 17:00,421,1,6.0691085,6.37044
2018/12/13 18:00,422,1,1.5748138,1.5989338
2018/12/13 19:00,423,1,0.084197655,0.011852123
2018/12/13 20:00,424,1,-0.022022909,0.004148707
2018/12/13 21:00,425,1,-0.021910448,0.007669352
2018/12/13 22:00,426,1,-0.021815032,0.0066482387
2018/12/13 23:00,427,1,-0.021765105,0.008954026
2018/12/14 0:00,428,1,-0.021720214,0.009721395
2018/12/14 1:00,429,1,-0.021946881,0.012974426
2018/12/14 2:00,430,1,-0.02195107,0.014821388
2018/12/14 3:00,431,1,-0.022018379,0.016643275
2018/12/14 4:00,432,1,-0.02207635,0.015084144
2018/12/14 5:00,433,1,-0.02186143,0.009022392
2018/12/14 6:00,434,1,0.7276151,0.051676128
2018/12/14 7:00,435,1,4.82857,5.115599
2018/12/14 8:00,436,1,10.292417,11.455818
2018/12/14 9:00,437,1,14.744863,16.063166
2018/12/14 10:00,438,1,17.831547,18.830725
2018/12/14 11:00,439,1,19.694569,20.27269
2018/12/14 12:00,440,1,20.609413,20.724298
2018/12/14 13:00,441,1,20.216358,20.330692
2018/12/14 14:00,442,1,18.7186,18.422777
2018/12/14 15:00,443,1,16.060444,15.748106
2018/12/14 16:00,444,1,10.931338,12.296851
2018/12/14 17:00,445,1,6.3053546,6.896492
2018/12/14 18:00,446,1,1.6283398,1.7318314
2018/12/14 19:00,447,1,0.09117553,0.012474354
2018/12/14 20:00,448,1,-0.022243802,0.0032746568
2018/12/14 21:00,449,1,-0.022169843,0.0054076314
2018/12/14 22:00,450,1,-0.022091772,0.0062476136
2018/12/14 23:00,451,1,-0.022136606,0.0060049146
2018/12/15 0:00,452,1,-0.021889303,0.008547496
2018/12/15 1:00,453,1,-0.022187829,0.010267977
2018/12/15 2:00,454,1,-0.022397788,0.01105937
2018/12/15 3:00,455,1,-0.022513514,0.015386123
2018/12/15 4:00,456,1,-0.022547567,0.012645051
2018/12/15 5:00,457,1,-0.022288155,0.010663427
2018/12/15 6:00,458,1,0.7177798,0.018489517
2018/12/15 7:00,459,1,4.819199,5.1388464
2018/12/15 8:00,460,1,10.225996,11.466746
2018/12/15 9:00,461,1,14.500898,16.24423
2018/12/15 10:00,462,1,17.52074,18.925232
2018/12/15 11:00,463,1,19.480892,20.21166
2018/12/15 12:00,464,1,20.336473,20.7261
2018/12/15 13:00,465,1,19.935438,20.314379
2018/12/15 14:00,466,1,18.341581,18.357557
2018/12/15 15:00,467,1,15.876386,15.862139
2018/12/15 16:00,468,1,10.796832,12.516807
2018/12/15 17:00,469,1,6.2323766,6.857397
2018/12/15 18:00,470,1,1.6436343,1.6250921
2018/12/15 19:00,471,1,0.095182195,0.011130244
2018/12/15 20:00,472,1,-0.021905802,0.002731774
2018/12/15 21:00,473,1,-0.021919739,0.0026686862
2018/12/15 22:00,474,1,-0.021809654,0.003498245
2018/12/15 23:00,475,1,-0.021748278,0.0035829544
2018/12/16 0:00,476,1,-0.021566315,0.005491432
2018/12/16 1:00,477,1,-0.021857541,0.0098201595
2018/12/16 2:00,478,1,-0.021919753,0.01237268
2018/12/16 3:00,479,1,-0.021972548,0.012948401
2018/12/16 4:00,480,1,-0.021987898,0.010541495
2018/12/16 5:00,481,1,-0.021726174,0.006762039
2018/12/16 6:00,482,1,0.6994099,0.06196444
2018/12/16 7:00,483,1,4.482568,4.7601233
2018/12/16 8:00,484,1,9.662086,11.692099
2018/12/16 9:00,485,1,14.018932,16.029036
2018/12/16 10:00,486,1,17.104248,18.690428
2018/12/16 11:00,487,1,18.640593,20.103981
2018/12/16 12:00,488,1,19.010147,20.467209
2018/12/16 13:00,489,1,18.481916,19.368643
2018/12/16 14:00,490,1,17.052021,17.21644
2018/12/16 15:00,491,1,14.593924,14.8265705
2018/12/16 16:00,492,1,9.88125,11.513774
2018/12/16 17:00,493,1,5.667782,6.0612593
2018/12/16 18:00,494,1,1.5775918,0.8609772
2018/12/16 19:00,495,1,0.10975133,0.009582192
2018/12/16 20:00,496,1,-0.021831378,0.0028427169
2018/12/16 21:00,497,1,-0.02174603,0.0036992766
2018/12/16 22:00,498,1,-0.021501975,0.005000796
2018/12/16 23:00,499,1,-0.02130111,0.00502304
2018/12/17 0:00,500,1,-0.021024322,0.006886959
2018/12/17 1:00,501,1,-0.021346057,0.010199565
2018/12/17 2:00,502,1,-0.0214039,0.012239907
2018/12/17 3:00,503,1,-0.021428801,0.01038976
2018/12/17 4:00,504,1,-0.021649232,0.009725716
2018/12/17 5:00,505,1,-0.021551022,0.0055810884
2018/12/17 6:00,506,1,1.0389085,0.055174757
2018/12/17 7:00,507,1,4.3824577,4.374593
2018/12/17 8:00,508,1,9.312311,11.181685
2018/12/17 9:00,509,1,13.356396,15.731033
2018/12/17 10:00,510,1,16.402544,18.229662
2018/12/17 11:00,511,1,18.250765,19.651377
2018/12/17 12:00,512,1,18.97502,20.06065
2018/12/17 13:00,513,1,18.499891,19.101141
2018/12/17 14:00,514,1,16.810114,17.022127
2018/12/17 15:00,515,1,12.350399,14.6460085
2018/12/17 16:00,516,1,6.107486,10.342339
2018/12/17 17:00,517,1,3.159253,3.7375937
2018/12/17 18:00,518,1,0.6857085,0.39453664
2018/12/17 19:00,519,1,0.051275376,0.007731825
2018/12/17 20:00,520,1,-0.021769008,0.0037221946
2018/12/17 21:00,521,1,-0.021564411,0.0049422868
2018/12/17 22:00,522,1,-0.021473119,0.007072404
2018/12/17 23:00,523,1,-0.021300202,0.0062565356
2018/12/18 0:00,524,1,-0.021055728,0.009796567
2018/12/18 1:00,525,1,-0.021353647,0.011758015
2018/12/18 2:00,526,1,-0.021325145,0.013028126
2018/12/18 3:00,527,1,-0.021275764,0.011402693
2018/12/18 4:00,528,1,-0.021239214,0.011678942
2018/12/18 5:00,529,1,-0.02106774,0.0066313706
2018/12/18 6:00,530,1,0.44458497,0.07290916
2018/12/18 7:00,531,1,4.222657,4.311996
2018/12/18 8:00,532,1,9.036927,11.231423
2018/12/18 9:00,533,1,13.0245285,15.423429
2018/12/18 10:00,534,1,16.014757,17.90744
2018/12/18 11:00,535,1,18.072863,19.277355
2018/12/18 12:00,536,1,18.887753,19.408691
2018/12/18 13:00,537,1,19.079607,18.59194
2018/12/18 14:00,538,1,15.724976,17.388987
2018/12/18 15:00,539,1,15.179135,14.2689085
2018/12/18 16:00,540,1,10.212741,11.687414
2018/12/18 17:00,541,1,5.838997,6.1750813
2018/12/18 18:00,542,1,1.610039,1.2900795
2018/12/18 19:00,543,1,0.11712094,0.010672152
2018/12/18 20:00,544,1,-0.022122484,0.004802037
2018/12/18 21:00,545,1,-0.021950182,0.007600259
2018/12/18 22:00,546,1,-0.02178701,0.009633705
2018/12/18 23:00,547,1,-0.021825362,0.008113656
2018/12/19 0:00,548,1,-0.021479981,0.010393657
2018/12/19 1:00,549,1,-0.021669272,0.009876136
2018/12/19 2:00,550,1,-0.021526368,0.011451479
2018/12/19 3:00,551,1,-0.021512277,0.012973446
2018/12/19 4:00,552,1,-0.021605657,0.014859155
2018/12/19 5:00,553,1,-0.021494761,0.008349232
2018/12/19 6:00,554,1,0.6070262,0.03965031
2018/12/19 7:00,555,1,4.2909336,4.142805
2018/12/19 8:00,556,1,9.475924,10.903688
2018/12/19 9:00,557,1,13.766557,15.576303
2018/12/19 10:00,558,1,16.795307,18.242035
2018/12/19 11:00,559,1,18.51084,19.539371
2018/12/19 12:00,560,1,19.55536,19.884287
2018/12/19 13:00,561,1,19.174643,19.094114
2018/12/19 14:00,562,1,17.722803,17.378992
2018/12/19 15:00,563,1,15.103177,15.070027
2018/12/19 16:00,564,1,10.315929,11.783749
2018/12/19 17:00,565,1,5.960924,6.4677224
2018/12/19 18:00,566,1,1.6333802,1.6707851
2018/12/19 19:00,567,1,0.108244896,0.011882063
2018/12/19 20:00,568,1,-0.021831144,0.0054733492
2018/12/19 21:00,569,1,-0.021760171,0.009851545
2018/12/19 22:00,570,1,-0.021598065,0.010638528
2018/12/19 23:00,571,1,-0.021469282,0.009216078
2018/12/20 0:00,572,1,-0.021217111,0.010942917
2018/12/20 1:00,573,1,-0.021498308,0.01227428
2018/12/20 2:00,574,1,-0.021495277,0.013099268
2018/12/20 3:00,575,1,-0.021517178,0.014860339
2018/12/20 4:00,576,1,-0.021583216,0.014123693
2018/12/20 5:00,577,1,-0.021440497,0.008909561
2018/12/20 6:00,578,1,0.5378535,0.049349423
2018/12/20 7:00,579,1,4.1772017,4.607715
2018/12/20 8:00,580,1,9.23449,11.089953
2018/12/20 9:00,581,1,13.508495,15.343608
2018/12/20 10:00,582,1,16.72189,18.152035
2018/12/20 11:00,583,1,18.64733,19.666025
2018/12/20 12:00,584,1,19.263308,20.134476
2018/12/20 13:00,585,1,18.778027,19.24978
2018/12/20 14:00,586,1,17.380314,17.279379
2018/12/20 15:00,587,1,16.0706,14.74064
2018/12/20 16:00,588,1,10.225501,12.049132
2018/12/20 17:00,589,1,5.9717464,6.4005504
2018/12/20 18:00,590,1,1.688257,1.6253868
2018/12/20 19:00,591,1,0.12145941,0.012034383
2018/12/20 20:00,592,1,-0.021811925,0.0049802996
2018/12/20 21:00,593,1,-0.021682186,0.009554405
2018/12/20 22:00,594,1,-0.021552254,0.010716256
2018/12/20 23:00,595,1,-0.021452343,0.010126319
2018/12/21 0:00,596,1,-0.021164326,0.011086602
2018/12/21 1:00,597,1,-0.021378944,0.0125321895
2018/12/21 2:00,598,1,-0.021404298,0.0129135065
2018/12/21 3:00,599,1,-0.021448826,0.013913948
2018/12/21 4:00,600,1,-0.021565644,0.0138834715
2018/12/21 5:00,601,1,-0.021451628,0.00845854
2018/12/21 6:00,602,1,0.58101106,0.046626654
2018/12/21 7:00,603,1,4.141141,4.9218225
2018/12/21 8:00,604,1,9.266371,11.005246
2018/12/21 9:00,605,1,13.492718,15.403412
2018/12/21 10:00,606,1,16.68632,18.21998
2018/12/21 11:00,607,1,18.597298,19.735561
2018/12/21 12:00,608,1,19.460232,20.221535
2018/12/21 13:00,609,1,18.96879,19.437155
2018/12/21 14:00,610,1,17.744862,17.481146
2018/12/21 15:00,611,1,15.27493,15.106768
2018/12/21 16:00,612,1,10.487957,11.87729
2018/12/21 17:00,613,1,6.087765,6.512063
2018/12/21 18:00,614,1,1.6574298,1.7361631
2018/12/21 19:00,615,1,0.12945214,0.012419913
2018/12/21 20:00,616,1,-0.022191273,0.004104916
2018/12/21 21:00,617,1,-0.022036998,0.008072589
2018/12/21 22:00,618,1,-0.021969747,0.009353153
2018/12/21 23:00,619,1,-0.021835953,0.009708021
2018/12/22 0:00,620,1,-0.021560082,0.0108871795
2018/12/22 1:00,621,1,-0.021935672,0.012482654
2018/12/22 2:00,622,1,-0.021920713,0.014004406
2018/12/22 3:00,623,1,-0.022008888,0.015029188
2018/12/22 4:00,624,1,-0.021983912,0.013232108
2018/12/22 5:00,625,1,-0.021811604,0.008211959
2018/12/22 6:00,626,1,0.57198787,0.05467048
2018/12/22 7:00,627,1,4.146181,4.802773
2018/12/22 8:00,628,1,9.487835,10.920467
2018/12/22 9:00,629,1,13.968222,15.614794
2018/12/22 10:00,630,1,17.273706,18.439812
2018/12/22 11:00,631,1,19.281046,20.03787
2018/12/22 12:00,632,1,20.043695,20.572475
2018/12/22 13:00,633,1,19.782686,19.669947
2018/12/22 14:00,634,1,18.365358,17.865957
2018/12/22 15:00,635,1,15.759023,15.605176
2018/12/22 16:00,636,1,10.873261,12.320265
2018/12/22 17:00,637,1,6.3327007,6.8528466
2018/12/22 18:00,638,1,1.7816894,1.2042235
2018/12/22 19:00,639,1,0.116548836,0.008388136
2018/12/22 20:00,640,1,-0.022031378,0.0041287243
2018/12/22 21:00,641,1,-0.021967776,0.0074618496
2018/12/22 22:00,642,1,-0.021814885,0.0083821975
2018/12/22 23:00,643,1,-0.021769408,0.0077903233
2018/12/23 0:00,644,1,-0.02161892,0.00950402
2018/12/23 1:00,645,1,-0.021911269,0.011289861
2018/12/23 2:00,646,1,-0.02191206,0.013814952
2018/12/23 3:00,647,1,-0.021963594,0.014423635
2018/12/23 4:00,648,1,-0.022121826,0.012822937
2018/12/23 5:00,649,1,-0.021970347,0.008599345
2018/12/23 6:00,650,1,0.5641679,0.048288684
2018/12/23 7:00,651,1,4.3849783,5.077697
2018/12/23 8:00,652,1,9.805355,11.1324215
2018/12/23 9:00,653,1,14.368973,15.799685
2018/12/23 10:00,654,1,17.631426,18.68384
2018/12/23 11:00,655,1,19.552551,20.169867
2018/12/23 12:00,656,1,20.38409,20.695948
2018/12/23 13:00,657,1,20.017452,20.23604
2018/12/23 14:00,658,1,18.627905,18.028324
2018/12/23 15:00,659,1,16.003464,15.722336
2018/12/23 16:00,660,1,11.056139,12.523173
2018/12/23 17:00,661,1,6.519744,7.0262446
2018/12/23 18:00,662,1,1.8685535,1.865031
2018/12/23 19:00,663,1,0.119243786,0.013769947
2018/12/23 20:00,664,1,-0.021855095,0.0035196878
2018/12/23 21:00,665,1,-0.021876555,0.0058916584
2018/12/23 22:00,666,1,-0.02181813,0.0064372234
2018/12/23 23:00,667,1,-0.021610988,0.004890941
2018/12/24 0:00,668,1,-0.021537874,0.0071302466
2018/12/24 1:00,669,1,-0.021863194,0.010531276
2018/12/24 2:00,670,1,-0.021876048,0.0135226585
2018/12/24 3:00,671,1,-0.021994397,0.013831403
2018/12/24 4:00,672,1,-0.021987211,0.0123635605
2018/12/24 5:00,673,1,-0.021788519,0.009417586
2018/12/24 6:00,674,1,0.56845975,0.035875972
2018/12/24 7:00,675,1,4.3055897,4.7451572
2018/12/24 8:00,676,1,9.587026,11.203424
2018/12/24 9:00,677,1,13.982208,15.767902
2018/12/24 10:00,678,1,17.097588,18.630861
2018/12/24 11:00,679,1,18.871439,20.04149
2018/12/24 12:00,680,1,19.530794,20.519293
2018/12/24 13:00,681,1,19.393288,19.89732
2018/12/24 14:00,682,1,18.119432,17.958391
2018/12/24 15:00,683,1,15.689049,15.629522
2018/12/24 16:00,684,1,10.858287,12.520947
2018/12/24 17:00,685,1,6.3732986,6.8388195
2018/12/24 18:00,686,1,1.8403887,1.7671885
2018/12/24 19:00,687,1,0.11174224,0.014399517
2018/12/24 20:00,688,1,-0.021825273,0.0035176314
2018/12/24 21:00,689,1,-0.021798464,0.0055120066
2018/12/24 22:00,690,1,-0.021719713,0.0067200884
2018/12/24 23:00,691,1,-0.021683464,0.0050384216
2018/12/25 0:00,692,1,-0.021398095,0.0075907037
2018/12/25 1:00,693,1,-0.02170802,0.011105366
2018/12/25 2:00,694,1,-0.021741254,0.013187539
2018/12/25 3:00,695,1,-0.021771466,0.013195224
2018/12/25 4:00,696,1,-0.021857513,0.013067454
2018/12/25 5:00,697,1,-0.021708729,0.008750882
2018/12/25 6:00,698,1,0.55423224,0.03643771
2018/12/25 7:00,699,1,4.1817164,4.609351
2018/12/25 8:00,700,1,9.294253,10.993107
2018/12/25 9:00,701,1,13.610091,15.632046
2018/12/25 10:00,702,1,16.65801,18.36287
2018/12/25 11:00,703,1,18.480244,19.799833
2018/12/25 12:00,704,1,19.425009,20.272648
2018/12/25 13:00,705,1,19.236053,19.575285
2018/12/25 14:00,706,1,17.931612,17.729868
2018/12/25 15:00,707,1,15.498876,15.49219
2018/12/25 16:00,708,1,10.80774,12.364578
2018/12/25 17:00,709,1,6.321838,6.895196
2018/12/25 18:00,710,1,1.8586973,1.8320909
2018/12/25 19:00,711,1,0.13087815,0.016839236
2018/12/25 20:00,712,1,-0.021671826,0.0034792535
2018/12/25 21:00,713,1,-0.021612173,0.0064329803
2018/12/25 22:00,714,1,-0.021581743,0.007692974
2018/12/25 23:00,715,1,-0.021501176,0.0057736635
2018/12/26 0:00,716,1,-0.021198181,0.008589681
2018/12/26 1:00,717,1,-0.021555668,0.011300445
2018/12/26 2:00,718,1,-0.021594621,0.013247538
2018/12/26 3:00,719,1,-0.021631254,0.012593951
2018/12/26 4:00,720,1,-0.0216643,0.012594052
2018/12/26 5:00,721,1,-0.02152754,0.008060224
2018/12/26 6:00,722,1,0.5379413,0.0402927
2018/12/26 7:00,723,1,4.1604433,4.3338776
2018/12/26 8:00,724,1,9.3324,10.937263
2018/12/26 9:00,725,1,13.632742,15.586181
2018/12/26 10:00,726,1,16.691053,18.269262
2018/12/26 11:00,727,1,18.41641,19.762259
2018/12/26 12:00,728,1,19.32751,20.186136
2018/12/26 13:00,729,1,19.242174,19.42186
2018/12/26 14:00,730,1,17.954498,17.703394
2018/12/26 15:00,731,1,15.592418,15.476391
2018/12/26 16:00,732,1,10.815881,12.381807
2018/12/26 17:00,733,1,6.357982,6.939697
2018/12/26 18:00,734,1,1.8949159,1.8826315
2018/12/26 19:00,735,1,0.19721027,0.01723969
2018/12/26 20:00,736,1,-0.021902144,0.0037116408
2018/12/26 21:00,737,1,-0.021854008,0.00658796
2018/12/26 22:00,738,1,-0.021774933,0.007958263
2018/12/26 23:00,739,1,-0.021593513,0.0063834526
2018/12/27 0:00,740,1,-0.021254882,0.009168461
2018/12/27 1:00,741,1,-0.021449422,0.011136603
2018/12/27 2:00,742,1,-0.021473361,0.013110958
2018/12/27 3:00,743,1,-0.021449393,0.0128430575
2018/12/27 4:00,744,1,-0.021525789,0.014212314
2018/12/27 5:00,745,1,-0.021307746,0.00924151
2018/12/27 6:00,746,1,0.6580278,0.03075413
2018/12/27 7:00,747,1,3.9951801,4.120282
2018/12/27 8:00,748,1,8.903667,10.642507
2018/12/27 9:00,749,1,13.081473,15.217934
2018/12/27 10:00,750,1,16.205406,17.99301
2018/12/27 11:00,751,1,17.983866,19.451471
2018/12/27 12:00,752,1,18.860931,19.86683
2018/12/27 13:00,753,1,18.430227,19.006153
2018/12/27 14:00,754,1,17.145058,17.271894
2018/12/27 15:00,755,1,14.504666,14.9448
2018/12/27 16:00,756,1,10.374795,11.576795
2018/12/27 17:00,757,1,6.214055,6.511341
2018/12/27 18:00,758,1,1.7926872,1.8139
2018/12/27 19:00,759,1,0.13258615,0.017287891
2018/12/27 20:00,760,1,-0.021684188,0.003996685
2018/12/27 21:00,761,1,-0.021572784,0.007814638
2018/12/27 22:00,762,1,-0.021480642,0.009008832
2018/12/27 23:00,763,1,-0.021252679,0.007940419
2018/12/28 0:00,764,1,-0.020961894,0.009235606
2018/12/28 1:00,765,1,-0.02116012,0.01119715
2018/12/28 2:00,766,1,-0.021148937,0.013124488
2018/12/28 3:00,767,1,-0.021169746,0.012817163
2018/12/28 4:00,768,1,-0.02131545,0.014649484
2018/12/28 5:00,769,1,-0.021189561,0.00955312
2018/12/28 6:00,770,1,0.5177492,0.029383082
2018/12/28 7:00,771,1,3.8095098,3.928776
2018/12/28 8:00,772,1,8.66637,10.438944
2018/12/28 9:00,773,1,12.985076,15.031809
2018/12/28 10:00,774,1,16.240969,17.827442
2018/12/28 11:00,775,1,18.15623,19.376013
2018/12/28 12:00,776,1,18.851461,19.874071
2018/12/28 13:00,777,1,18.735332,18.994808
2018/12/28 14:00,778,1,17.676018,17.352825
2018/12/28 15:00,779,1,14.943533,15.258539
2018/12/28 16:00,780,1,7.8396063,11.886684
2018/12/28 17:00,781,1,5.380527,5.4518957
2018/12/28 18:00,782,1,1.8339012,1.3562084
2018/12/28 19:00,783,1,0.14398393,0.01603778
2018/12/28 20:00,784,1,-0.021671038,0.0036941916
2018/12/28 21:00,785,1,-0.021535784,0.0077784657
2018/12/28 22:00,786,1,-0.021374553,0.008916516
2018/12/28 23:00,787,1,-0.021257631,0.009413108
2018/12/29 0:00,788,1,-0.020976583,0.010011461
2018/12/29 1:00,789,1,-0.021172501,0.0113039985
2018/12/29 2:00,790,1,-0.021090439,0.01221972
2018/12/29 3:00,791,1,-0.021036016,0.01154355
2018/12/29 4:00,792,1,-0.021131268,0.012401998
2018/12/29 5:00,793,1,-0.021074142,0.0081873275
2018/12/29 6:00,794,1,0.47079784,0.033213217
2018/12/29 7:00,795,1,3.6300547,3.779028
2018/12/29 8:00,796,1,8.506425,10.123
2018/12/29 9:00,797,1,12.598074,14.888645
2018/12/29 10:00,798,1,15.876031,17.680754
2018/12/29 11:00,799,1,17.756367,19.248846
2018/12/29 12:00,800,1,18.713741,19.65717
2018/12/29 13:00,801,1,18.51932,18.801632
2018/12/29 14:00,802,1,15.870832,17.227325
2018/12/29 15:00,803,1,15.168267,14.181028
2018/12/29 16:00,804,1,10.461699,11.682962
2018/12/29 17:00,805,1,6.1329823,6.5615273
2018/12/29 18:00,806,1,1.7740237,1.9150331
2018/12/29 19:00,807,1,0.17169514,0.019472342
2018/12/29 20:00,808,1,-0.021816932,0.003927067
2018/12/29 21:00,809,1,-0.021651855,0.008175172
2018/12/29 22:00,810,1,-0.021593519,0.009067617
2018/12/29 23:00,811,1,-0.021440893,0.009515334
2018/12/30 0:00,812,1,-0.021205219,0.010592356
2018/12/30 1:00,813,1,-0.02141065,0.012110725
2018/12/30 2:00,814,1,-0.021419737,0.013677027
2018/12/30 3:00,815,1,-0.021431232,0.011820231
2018/12/30 4:00,816,1,-0.021472108,0.013201326
2018/12/30 5:00,817,1,-0.021341274,0.008822061
2018/12/30 6:00,818,1,0.6910225,0.033646178
2018/12/30 7:00,819,1,3.230135,3.946425
2018/12/30 8:00,820,1,2.6725833,9.059183
2018/12/30 9:00,821,1,5.121593,5.2356715
2018/12/30 10:00,822,1,16.786219,12.269069
2018/12/30 11:00,823,1,16.562967,18.150011
2018/12/30 12:00,824,1,18.238314,19.371643
2018/12/30 13:00,825,1,18.148306,18.33022
2018/12/30 14:00,826,1,16.495117,16.872192
2018/12/30 15:00,827,1,13.953518,14.227966
2018/12/30 16:00,828,1,9.561551,10.807533
2018/12/30 17:00,829,1,6.282729,6.010038
2018/12/30 18:00,830,1,1.8571651,1.9759352
2018/12/30 19:00,831,1,0.12324637,0.025282111
2018/12/30 20:00,832,1,-0.021475192,0.003945872
2018/12/30 21:00,833,1,-0.021359343,0.007060077
2018/12/30 22:00,834,1,-0.021312937,0.008102242
2018/12/30 23:00,835,1,-0.021125766,0.010009926
2018/12/31 0:00,836,1,-0.020838805,0.010727514
2018/12/31 1:00,837,1,-0.021094972,0.012028318
2018/12/31 2:00,838,1,-0.021061284,0.01292317
2018/12/31 3:00,839,1,-0.021094356,0.0133627355
2018/12/31 4:00,840,1,-0.021171596,0.013061084
2018/12/31 5:00,841,1,-0.021030016,0.009374063
2018/12/31 6:00,842,1,0.45576587,0.028884295
2018/12/31 7:00,843,1,3.6221786,3.2989867
2018/12/31 8:00,844,1,8.522811,9.650644
2018/12/31 9:00,845,1,12.765561,14.743193
2018/12/31 10:00,846,1,15.805312,17.620403
2018/12/31 11:00,847,1,17.747904,19.11958
2018/12/31 12:00,848,1,18.527304,19.633518
2018/12/31 13:00,849,1,18.210367,18.68151
2018/12/31 14:00,850,1,16.432646,16.995256
2018/12/31 15:00,851,1,14.63635,14.305229
2018/12/31 16:00,852,1,11.331396,11.377864
2018/12/31 17:00,853,1,6.609283,7.1056967
2018/12/31 18:00,854,1,1.7664527,2.3553386
2018/12/31 19:00,855,1,0.22623634,0.029578988
2018/12/31 20:00,856,1,-0.021789735,0.0036782995
2018/12/31 21:00,857,1,-0.021682482,0.0065565333
2018/12/31 22:00,858,1,-0.0215412,0.0090586655
2018/12/31 23:00,859,1,-0.021411268,0.010582197
